20:58:32 [pipeline] icon vocabulary loaded: 2098 Lucide names (lucide-static 1.45.0)
20:58:33 [pipeline] ──────── command pipeline start ────────
20:58:33 [pipeline] transcript: "I need a website for Maria's Bakery, aimed at young families, so they can order…" (lang=en)
20:58:33 [pipeline] GATE 0 (command) ok: 14 words
20:58:33 [pipeline] ──────── command pipeline start ────────
20:58:33 [pipeline] transcript: 'Build a page for Apex Plumbing aimed at homeowners to collect quote requests, w…' (lang=en)
20:58:33 [pipeline] GATE 0 (command) ok: 18 words
20:58:33 [pipeline] ──────── command pipeline start ────────
20:58:33 [pipeline] transcript: "Build Maria's Bakery a page targeting young families that takes online orders" (lang=en)
20:58:33 [pipeline] GATE 0 (command) ok: 11 words
20:58:33 [pipeline] ──────── command pipeline start ────────
20:58:33 [pipeline] transcript: "Create a landing page for Maria's Bakery targeting young families to take onlin…" (lang=en)
20:58:33 [pipeline] GATE 0 (command) ok: 13 words
20:58:33 [pipeline] ──────── command pipeline start ────────
20:58:33 [pipeline] transcript: "Create a landing page for Maria's Bakery targeting young families to take onlin…" (lang=en)
20:58:33 [pipeline] GATE 0 (command) ok: 13 words
20:58:33 [pipeline] ──────── command pipeline start ────────
20:58:33 [pipeline] transcript: "Set up a landing page for Maria's Bakery so young families can place orders on …" (lang=en)
20:58:33 [pipeline] GATE 0 (command) ok: 16 words
20:58:34 [pipeline] STEP 1 interpret → action='createPage'
20:58:34 [pipeline] GATE 1 (intent) ok: 'createPage' is allowed
20:58:34 [pipeline] STEP 2/4 brief extracted: business='Apex Plumbing' audience='homeowners' goal='collect quote requests'
20:58:35 [pipeline] STEP 1 interpret → action='createPage'
20:58:35 [pipeline] GATE 1 (intent) ok: 'createPage' is allowed
20:58:35 [pipeline] STEP 2/4 brief extracted: business="Maria's Bakery" audience='young families' goal='take online orders'
20:58:35 [pipeline] STEP 1 interpret → action='createPage'
20:58:35 [pipeline] GATE 1 (intent) ok: 'createPage' is allowed
20:58:35 [pipeline] STEP 2/4 brief extracted: business="Maria's Bakery" audience='young families' goal='take online orders'
20:58:36 [pipeline] STEP 3/4 schema generated: 9 sections ['hero', 'about', 'benefits', 'services', 'gallery', 'testimonials', 'promotion', 'faq', 'contact']
20:58:36 [pipeline] STEP 4/4 planner produced 30 atomic operations:
20:58:36 [pipeline]     OAO 01/30  select_theme
20:58:36 [pipeline]     OAO 02/30  select_layout
20:58:36 [pipeline]     OAO 03/30  generate_copy:hero
20:58:36 [pipeline]     OAO 04/30  select_image:hero
20:58:36 [pipeline]     OAO 05/30  assemble_section:hero
20:58:36 [pipeline]     OAO 06/30  generate_copy:about
20:58:36 [pipeline]     OAO 07/30  select_image:about
20:58:36 [pipeline]     OAO 08/30  assemble_section:about
20:58:36 [pipeline]     OAO 09/30  generate_copy:benefits
20:58:36 [pipeline]     OAO 10/30  select_icon:benefits
20:58:36 [pipeline]     OAO 11/30  assemble_section:benefits
20:58:36 [pipeline]     OAO 12/30  generate_copy:services
20:58:36 [pipeline]     OAO 13/30  select_image:services
20:58:36 [pipeline]     OAO 14/30  assemble_section:services
20:58:36 [pipeline]     OAO 15/30  generate_copy:gallery
20:58:36 [pipeline]     OAO 16/30  select_image:gallery
20:58:36 [pipeline]     OAO 17/30  assemble_section:gallery
20:58:36 [pipeline]     OAO 18/30  generate_copy:testimonials
20:58:36 [pipeline]     OAO 19/30  select_image:testimonials
20:58:36 [pipeline]     OAO 20/30  assemble_section:testimonials
20:58:36 [pipeline]     OAO 21/30  generate_copy:promotion
20:58:36 [pipeline]     OAO 22/30  select_image:promotion
20:58:36 [pipeline]     OAO 23/30  assemble_section:promotion
20:58:36 [pipeline]     OAO 24/30  generate_copy:faq
20:58:36 [pipeline]     OAO 25/30  select_image:faq
20:58:36 [pipeline]     OAO 26/30  assemble_section:faq
20:58:36 [pipeline]     OAO 27/30  generate_copy:contact
20:58:36 [pipeline]     OAO 28/30  select_image:contact
20:58:36 [pipeline]     OAO 29/30  assemble_section:contact
20:58:36 [pipeline]     OAO 30/30  assemble_page
20:58:36 [pipeline] STEP 3/4 schema generated: 9 sections ['hero', 'about', 'benefits', 'services', 'gallery', 'testimonials', 'promotion', 'faq', 'contact']
20:58:36 [pipeline] STEP 4/4 planner produced 30 atomic operations:
20:58:36 [pipeline]     OAO 01/30  select_theme
20:58:36 [pipeline]     OAO 02/30  select_layout
20:58:36 [pipeline]     OAO 03/30  generate_copy:hero
20:58:36 [pipeline]     OAO 04/30  select_image:hero
20:58:36 [pipeline]     OAO 05/30  assemble_section:hero
20:58:36 [pipeline]     OAO 06/30  generate_copy:about
20:58:36 [pipeline]     OAO 07/30  select_image:about
20:58:36 [pipeline]     OAO 08/30  assemble_section:about
20:58:36 [pipeline]     OAO 09/30  generate_copy:benefits
20:58:36 [pipeline]     OAO 10/30  select_icon:benefits
20:58:36 [pipeline]     OAO 11/30  assemble_section:benefits
20:58:36 [pipeline]     OAO 12/30  generate_copy:services
20:58:36 [pipeline]     OAO 13/30  select_image:services
20:58:36 [pipeline]     OAO 14/30  assemble_section:services
20:58:36 [pipeline]     OAO 15/30  generate_copy:gallery
20:58:36 [pipeline]     OAO 16/30  select_image:gallery
20:58:36 [pipeline]     OAO 17/30  assemble_section:gallery
20:58:36 [pipeline]     OAO 18/30  generate_copy:testimonials
20:58:36 [pipeline]     OAO 19/30  select_image:testimonials
20:58:36 [pipeline]     OAO 20/30  assemble_section:testimonials
20:58:36 [pipeline]     OAO 21/30  generate_copy:promotion
20:58:36 [pipeline]     OAO 22/30  select_image:promotion
20:58:36 [pipeline]     OAO 23/30  assemble_section:promotion
20:58:36 [pipeline]     OAO 24/30  generate_copy:faq
20:58:36 [pipeline]     OAO 25/30  select_image:faq
20:58:36 [pipeline]     OAO 26/30  assemble_section:faq
20:58:36 [pipeline]     OAO 27/30  generate_copy:contact
20:58:36 [pipeline]     OAO 28/30  select_image:contact
20:58:36 [pipeline]     OAO 29/30  assemble_section:contact
20:58:36 [pipeline]     OAO 30/30  assemble_page
20:58:36 [pipeline] STEP 3/4 schema generated: 2 sections ['hero', 'faq']
20:58:36 [pipeline] STEP 4/4 planner produced 9 atomic operations:
20:58:36 [pipeline]     OAO 01/09  select_theme
20:58:36 [pipeline]     OAO 02/09  select_layout
20:58:36 [pipeline]     OAO 03/09  generate_copy:hero
20:58:36 [pipeline]     OAO 04/09  select_image:hero
20:58:36 [pipeline]     OAO 05/09  assemble_section:hero
20:58:36 [pipeline]     OAO 06/09  generate_copy:faq
20:58:36 [pipeline]     OAO 07/09  select_image:faq
20:58:36 [pipeline]     OAO 08/09  assemble_section:faq
20:58:36 [pipeline]     OAO 09/09  assemble_page
20:58:36 [pipeline] STEP 1 interpret → action='createPage'
20:58:36 [pipeline] GATE 1 (intent) ok: 'createPage' is allowed
20:58:36 [pipeline] STEP 2/4 brief extracted: business="Maria's Bakery" audience='young families' goal='place orders on the web'
20:58:37 [pipeline] exec 01/30 select_theme → Honey Crumb, warm layout (ok)
20:58:37 [pipeline] STEP 3/4 schema generated: 9 sections ['hero', 'about', 'benefits', 'services', 'gallery', 'testimonials', 'promotion', 'faq', 'contact']
20:58:37 [pipeline] STEP 4/4 planner produced 30 atomic operations:
20:58:37 [pipeline]     OAO 01/30  select_theme
20:58:37 [pipeline]     OAO 02/30  select_layout
20:58:37 [pipeline]     OAO 03/30  generate_copy:hero
20:58:37 [pipeline]     OAO 04/30  select_image:hero
20:58:37 [pipeline]     OAO 05/30  assemble_section:hero
20:58:37 [pipeline]     OAO 06/30  generate_copy:about
20:58:37 [pipeline]     OAO 07/30  select_image:about
20:58:37 [pipeline]     OAO 08/30  assemble_section:about
20:58:37 [pipeline]     OAO 09/30  generate_copy:benefits
20:58:37 [pipeline]     OAO 10/30  select_icon:benefits
20:58:37 [pipeline]     OAO 11/30  assemble_section:benefits
20:58:37 [pipeline]     OAO 12/30  generate_copy:services
20:58:37 [pipeline]     OAO 13/30  select_image:services
20:58:37 [pipeline]     OAO 14/30  assemble_section:services
20:58:37 [pipeline]     OAO 15/30  generate_copy:gallery
20:58:37 [pipeline]     OAO 16/30  select_image:gallery
20:58:37 [pipeline]     OAO 17/30  assemble_section:gallery
20:58:37 [pipeline]     OAO 18/30  generate_copy:testimonials
20:58:37 [pipeline]     OAO 19/30  select_image:testimonials
20:58:37 [pipeline]     OAO 20/30  assemble_section:testimonials
20:58:37 [pipeline]     OAO 21/30  generate_copy:promotion
20:58:37 [pipeline]     OAO 22/30  select_image:promotion
20:58:37 [pipeline]     OAO 23/30  assemble_section:promotion
20:58:37 [pipeline]     OAO 24/30  generate_copy:faq
20:58:37 [pipeline]     OAO 25/30  select_image:faq
20:58:37 [pipeline]     OAO 26/30  assemble_section:faq
20:58:37 [pipeline]     OAO 27/30  generate_copy:contact
20:58:37 [pipeline]     OAO 28/30  select_image:contact
20:58:37 [pipeline]     OAO 29/30  assemble_section:contact
20:58:37 [pipeline]     OAO 30/30  assemble_page
20:58:38 [pipeline] exec 01/9 select_theme → Pipe & Copper, warm layout (ok)
20:58:38 [pipeline] exec 01/30 select_theme → Honey Crumb, warm layout (ok)
20:58:38 [pipeline] STEP 1 interpret → action='createPage'
20:58:38 [pipeline] GATE 1 (intent) ok: 'createPage' is allowed
20:58:38 [pipeline] STEP 2/4 brief extracted: business="Maria's Bakery" audience='young families' goal='take online orders'
20:58:38 [pipeline] exec 02/9 select_layout → 2 chosen (ok)
20:58:39 [pipeline] exec 03/9 generate_copy:hero → copy fields: ['type', 'headline', 'subhead', 'button']
20:58:39 [pipeline] exec 01/30 select_theme → Honey Crumb, warm layout (ok)
20:58:40 [pipeline] STEP 3/4 schema generated: 9 sections ['hero', 'about', 'benefits', 'services', 'gallery', 'testimonials', 'promotion', 'faq', 'contact']
20:58:40 [pipeline] STEP 4/4 planner produced 30 atomic operations:
20:58:40 [pipeline]     OAO 01/30  select_theme
20:58:40 [pipeline]     OAO 02/30  select_layout
20:58:40 [pipeline]     OAO 03/30  generate_copy:hero
20:58:40 [pipeline]     OAO 04/30  select_image:hero
20:58:40 [pipeline]     OAO 05/30  assemble_section:hero
20:58:40 [pipeline]     OAO 06/30  generate_copy:about
20:58:40 [pipeline]     OAO 07/30  select_image:about
20:58:40 [pipeline]     OAO 08/30  assemble_section:about
20:58:40 [pipeline]     OAO 09/30  generate_copy:benefits
20:58:40 [pipeline]     OAO 10/30  select_icon:benefits
20:58:40 [pipeline]     OAO 11/30  assemble_section:benefits
20:58:40 [pipeline]     OAO 12/30  generate_copy:services
20:58:40 [pipeline]     OAO 13/30  select_image:services
20:58:40 [pipeline]     OAO 14/30  assemble_section:services
20:58:40 [pipeline]     OAO 15/30  generate_copy:gallery
20:58:40 [pipeline]     OAO 16/30  select_image:gallery
20:58:40 [pipeline]     OAO 17/30  assemble_section:gallery
20:58:40 [pipeline]     OAO 18/30  generate_copy:testimonials
20:58:40 [pipeline]     OAO 19/30  select_image:testimonials
20:58:40 [pipeline]     OAO 20/30  assemble_section:testimonials
20:58:40 [pipeline]     OAO 21/30  generate_copy:promotion
20:58:40 [pipeline]     OAO 22/30  select_image:promotion
20:58:40 [pipeline]     OAO 23/30  assemble_section:promotion
20:58:40 [pipeline]     OAO 24/30  generate_copy:faq
20:58:40 [pipeline]     OAO 25/30  select_image:faq
20:58:40 [pipeline]     OAO 26/30  assemble_section:faq
20:58:40 [pipeline]     OAO 27/30  generate_copy:contact
20:58:40 [pipeline]     OAO 28/30  select_image:contact
20:58:40 [pipeline]     OAO 29/30  assemble_section:contact
20:58:40 [pipeline]     OAO 30/30  assemble_page
20:58:40 [pipeline] exec 02/30 select_layout → 9 chosen (ok)
20:58:40 [pipeline] STEP 1 interpret → action='createPage'
20:58:40 [pipeline] GATE 1 (intent) ok: 'createPage' is allowed
20:58:40 [pipeline] STEP 2/4 brief extracted: business="Maria's Bakery" audience='young families' goal='order online'
20:58:41 [pipeline] exec 01/30 select_theme → Strawberry Cream, warm layout (ok)
Warning: You are sending unauthenticated requests to the HF Hub. Please set a HF_TOKEN to enable higher rate limits and faster downloads.
WARNING:huggingface_hub.utils._http:Warning: You are sending unauthenticated requests to the HF Hub. Please set a HF_TOKEN to enable higher rate limits and faster downloads.
20:58:42 [pipeline] exec 03/30 generate_copy:hero → copy fields: ['type', 'headline', 'subhead', 'button']
20:58:42 [pipeline] exec 02/30 select_layout → 9 chosen (ok)
20:58:43 [pipeline] exec 02/30 select_layout → 9 chosen (ok)
20:58:43 [pipeline] STEP 3/4 schema generated: 9 sections ['hero', 'about', 'benefits', 'services', 'gallery', 'testimonials', 'promotion', 'faq', 'contact']
20:58:43 [pipeline] STEP 4/4 planner produced 30 atomic operations:
20:58:43 [pipeline]     OAO 01/30  select_theme
20:58:43 [pipeline]     OAO 02/30  select_layout
20:58:43 [pipeline]     OAO 03/30  generate_copy:hero
20:58:43 [pipeline]     OAO 04/30  select_image:hero
20:58:43 [pipeline]     OAO 05/30  assemble_section:hero
20:58:43 [pipeline]     OAO 06/30  generate_copy:about
20:58:43 [pipeline]     OAO 07/30  select_image:about
20:58:43 [pipeline]     OAO 08/30  assemble_section:about
20:58:43 [pipeline]     OAO 09/30  generate_copy:benefits
20:58:43 [pipeline]     OAO 10/30  select_icon:benefits
20:58:43 [pipeline]     OAO 11/30  assemble_section:benefits
20:58:43 [pipeline]     OAO 12/30  generate_copy:services
20:58:43 [pipeline]     OAO 13/30  select_image:services
20:58:43 [pipeline]     OAO 14/30  assemble_section:services
20:58:43 [pipeline]     OAO 15/30  generate_copy:gallery
20:58:43 [pipeline]     OAO 16/30  select_image:gallery
20:58:43 [pipeline]     OAO 17/30  assemble_section:gallery
20:58:43 [pipeline]     OAO 18/30  generate_copy:testimonials
20:58:43 [pipeline]     OAO 19/30  select_image:testimonials
20:58:43 [pipeline]     OAO 20/30  assemble_section:testimonials
20:58:43 [pipeline]     OAO 21/30  generate_copy:promotion
20:58:43 [pipeline]     OAO 22/30  select_image:promotion
20:58:43 [pipeline]     OAO 23/30  assemble_section:promotion
20:58:43 [pipeline]     OAO 24/30  generate_copy:faq
20:58:43 [pipeline]     OAO 25/30  select_image:faq
20:58:43 [pipeline]     OAO 26/30  assemble_section:faq
20:58:43 [pipeline]     OAO 27/30  generate_copy:contact
20:58:43 [pipeline]     OAO 28/30  select_image:contact
20:58:43 [pipeline]     OAO 29/30  assemble_section:contact
20:58:43 [pipeline]     OAO 30/30  assemble_page
20:58:44 [pipeline] exec 02/30 select_layout → 9 chosen (ok)
20:58:44 [pipeline] CLIP text encoder loaded (478 photos indexed)
20:58:44 [pipeline] exec 04/9 select_image:hero → images attached
20:58:44 [pipeline] exec 05/9 assemble_section:hero → GATE 3 ok (split-left)
20:58:44 [pipeline] CLIP text encoder loaded (478 photos indexed)
20:58:44 [pipeline] exec 04/30 select_image:hero → images attached
20:58:44 [pipeline] exec 05/30 assemble_section:hero → GATE 3 ok (split-left)
20:58:44 [pipeline] exec 03/30 generate_copy:hero → copy fields: ['type', 'headline', 'subhead', 'button']
20:58:44 [pipeline] exec 04/30 select_image:hero → images attached
20:58:44 [pipeline] exec 05/30 assemble_section:hero → GATE 3 ok (split-left)
20:58:45 [pipeline] exec 03/30 generate_copy:hero → copy fields: ['type', 'headline', 'subhead', 'button']
20:58:45 [pipeline] exec 04/30 select_image:hero → images attached
20:58:45 [pipeline] exec 05/30 assemble_section:hero → GATE 3 ok (overlay-card)
20:58:45 [pipeline] exec 03/30 generate_copy:hero → copy fields: ['type', 'headline', 'subhead', 'button']
20:58:45 [pipeline] exec 04/30 select_image:hero → images attached
20:58:45 [pipeline] exec 05/30 assemble_section:hero → GATE 3 ok (centered)
20:58:47 [pipeline] exec 01/30 select_theme → Honeyed Wheat, warm layout (ok)
20:58:48 [pipeline] exec 06/30 generate_copy:about → copy fields: ['type', 'heading', 'eyebrow', 'body', 'button']
20:58:48 [pipeline] exec 07/30 select_image:about → images attached
20:58:48 [pipeline] exec 08/30 assemble_section:about → GATE 3 ok (image-left)
20:58:49 [pipeline] exec 02/30 select_layout → 9 chosen (ok)
20:58:50 [pipeline] exec 03/30 generate_copy:hero → copy fields: ['type', 'headline', 'subhead', 'button']
20:58:51 [pipeline] exec 04/30 select_image:hero → images attached
20:58:51 [pipeline] exec 05/30 assemble_section:hero → GATE 3 ok (overlay-card)
20:58:51 [pipeline] exec 06/30 generate_copy:about → copy fields: ['type', 'heading', 'eyebrow', 'body', 'button']
20:58:51 [pipeline] exec 07/30 select_image:about → images attached
20:58:51 [pipeline] exec 08/30 assemble_section:about → GATE 3 ok (image-right)
20:58:54 [pipeline] exec 06/30 generate_copy:about → copy fields: ['type', 'heading', 'eyebrow', 'body', 'button']
20:58:54 [pipeline] exec 07/30 select_image:about → images attached
20:58:54 [pipeline] exec 08/30 assemble_section:about → GATE 3 ok (image-right)
20:58:54 [pipeline] exec 09/30 generate_copy:benefits → copy fields: ['type', 'heading', 'items']
20:58:54 [pipeline]      plan refined: select_icon:benefits → 5 item operation(s)
20:58:54 [pipeline] exec 09/30 generate_copy:benefits → copy fields: ['type', 'heading', 'items']
20:58:54 [pipeline]      plan refined: select_icon:benefits → 5 item operation(s)
20:58:55 [pipeline] exec 10/34 select_icon:benefits#1 → timer (ok)
20:58:55 [pipeline] exec 11/34 select_icon:benefits#2 → croissant (ok)
20:58:56 [pipeline] exec 10/34 select_icon:benefits#1 → sunrise (ok)
20:58:56 [pipeline] exec 12/34 select_icon:benefits#3 → cookie (ok)
20:58:56 [pipeline] exec 11/34 select_icon:benefits#2 → timer (ok)
20:58:57 [pipeline] exec 13/34 select_icon:benefits#4 → calendar-clock (ok)
20:58:57 [pipeline] exec 12/34 select_icon:benefits#3 → baby (ok)
20:58:58 [pipeline] exec 14/34 select_icon:benefits#5 → party-popper (ok)
20:58:58 [pipeline] exec 15/34 assemble_section:benefits → GATE 3 ok (tinted-cards)
20:58:59 [pipeline] exec 13/34 select_icon:benefits#4 → map-pin (ok)
20:58:59 [pipeline] exec 06/30 generate_copy:about → copy fields: ['type', 'heading', 'eyebrow', 'body', 'button']
20:58:59 [pipeline] exec 07/30 select_image:about → images attached
20:58:59 [pipeline] exec 08/30 assemble_section:about → GATE 3 ok (image-right)
20:59:00 [pipeline] exec 14/34 select_icon:benefits#5 → shopping-bag (ok)
20:59:00 [pipeline] exec 15/34 assemble_section:benefits → GATE 3 ok (grid-cards)
20:59:00 [pipeline] exec 16/34 generate_copy:services → copy fields: ['type', 'heading', 'subhead', 'items']
20:59:01 [pipeline] exec 17/34 select_image:services → images attached
20:59:01 [pipeline] exec 18/34 assemble_section:services → GATE 3 ok (photo-cards)
20:59:01 [pipeline] exec 09/30 generate_copy:benefits → copy fields: ['type', 'heading', 'items']
20:59:01 [pipeline]      plan refined: select_icon:benefits → 5 item operation(s)
20:59:02 [pipeline] exec 10/34 select_icon:benefits#1 → timer (ok)
20:59:02 [pipeline] exec 09/30 generate_copy:benefits → copy fields: ['type', 'heading', 'items']
20:59:02 [pipeline]      plan refined: select_icon:benefits → 5 item operation(s)
20:59:02 [pipeline] exec 16/34 generate_copy:services → copy fields: ['type', 'heading', 'subhead', 'items']
20:59:02 [pipeline] exec 17/34 select_image:services → images attached
20:59:02 [pipeline] exec 18/34 assemble_section:services → GATE 3 ok (photo-cards)
20:59:02 [pipeline] exec 06/9 generate_copy:faq → copy fields: ['type', 'heading', 'items']
20:59:02 [pipeline] exec 07/9 select_image:faq → images attached
20:59:02 [pipeline] exec 08/9 assemble_section:faq → GATE 3 ok (accordion-boxed)
20:59:02 [pipeline] exec 09/9 assemble_page → GATE 2 ok
20:59:02 [pipeline] gates: intent=ok operations=ok theme=ok layout=ok schema=ok → page /apex-plumbing (4 sections)
20:59:02 [pipeline] draft persisted /apex-plumbing as a24bf3e63541475a (unpublished)
20:59:02 [pipeline] ──────── pipeline done: VALID ────────
20:59:02 [pipeline] exec 11/34 select_icon:benefits#2 → croissant (ok)
20:59:02 [pipeline] exec 10/34 select_icon:benefits#1 → timer (ok)
20:59:02 [pipeline] ──────── command pipeline start ────────
20:59:02 [pipeline] transcript: 'Apex Plumbing needs a page for homeowners to collect quote requests — just a he…' (lang=en)
20:59:02 [pipeline] GATE 0 (command) ok: 15 words
20:59:03 [pipeline] exec 12/34 select_icon:benefits#3 → smile (ok)
20:59:03 [pipeline] exec 19/34 generate_copy:gallery → copy fields: ['type', 'heading', 'subhead']
20:59:03 [pipeline] exec 20/34 select_image:gallery → images attached
20:59:03 [pipeline] exec 21/34 assemble_section:gallery → GATE 3 ok (masonry)
20:59:03 [pipeline] exec 19/34 generate_copy:gallery → copy fields: ['type', 'heading', 'subhead']
20:59:03 [pipeline] exec 20/34 select_image:gallery → images attached
20:59:03 [pipeline] exec 21/34 assemble_section:gallery → GATE 3 ok (masonry)
20:59:03 [pipeline] exec 13/34 select_icon:benefits#4 → calendar-clock (ok)
20:59:04 [pipeline] exec 06/30 generate_copy:about → copy fields: ['type', 'heading', 'eyebrow', 'body', 'button']
20:59:04 [pipeline] exec 07/30 select_image:about → images attached
20:59:04 [pipeline] exec 08/30 assemble_section:about → GATE 3 ok (image-right)
20:59:04 [pipeline] exec 14/34 select_icon:benefits#5 → party-popper (ok)
20:59:04 [pipeline] exec 15/34 assemble_section:benefits → GATE 3 ok (tinted-cards)
20:59:04 [pipeline] STEP 1 interpret → action='createPage'
20:59:04 [pipeline] GATE 1 (intent) ok: 'createPage' is allowed
20:59:04 [pipeline] STEP 2/4 brief extracted: business='Apex Plumbing' audience='homeowners' goal='collect quote requests'
20:59:04 [pipeline] exec 11/34 select_icon:benefits#2 → croissant (ok)
20:59:05 [pipeline] STEP 3/4 schema generated: 2 sections ['hero', 'faq']
20:59:05 [pipeline] STEP 4/4 planner produced 9 atomic operations:
20:59:05 [pipeline]     OAO 01/09  select_theme
20:59:05 [pipeline]     OAO 02/09  select_layout
20:59:05 [pipeline]     OAO 03/09  generate_copy:hero
20:59:05 [pipeline]     OAO 04/09  select_image:hero
20:59:05 [pipeline]     OAO 05/09  assemble_section:hero
20:59:05 [pipeline]     OAO 06/09  generate_copy:faq
20:59:05 [pipeline]     OAO 07/09  select_image:faq
20:59:05 [pipeline]     OAO 08/09  assemble_section:faq
20:59:05 [pipeline]     OAO 09/09  assemble_page
20:59:05 [pipeline] exec 22/34 generate_copy:testimonials → copy fields: ['type', 'heading', 'items']
20:59:05 [pipeline] exec 23/34 select_image:testimonials → images attached
20:59:05 [pipeline] exec 24/34 assemble_section:testimonials → GATE 3 ok (single-quote)
20:59:05 [pipeline] exec 12/34 select_icon:benefits#3 → smile (ok)
20:59:06 [pipeline] exec 13/34 select_icon:benefits#4 → calendar-clock (ok)
20:59:06 [pipeline] exec 25/34 generate_copy:promotion → copy fields: ['type', 'title', 'description', 'button']
20:59:06 [pipeline] exec 26/34 select_image:promotion → images attached
20:59:06 [pipeline] exec 27/34 assemble_section:promotion → GATE 3 ok (tinted-band)
20:59:06 [pipeline] exec 14/34 select_icon:benefits#5 → map-pin (ok)
20:59:06 [pipeline] exec 15/34 assemble_section:benefits → GATE 3 ok (grid-cards)
20:59:07 [pipeline] exec 16/34 generate_copy:services → copy fields: ['type', 'heading', 'subhead', 'items']
20:59:07 [pipeline] exec 01/9 select_theme → Pipe & Copper, warm layout (ok)
20:59:07 [pipeline] exec 17/34 select_image:services → images attached
20:59:07 [pipeline] exec 18/34 assemble_section:services → GATE 3 ok (photo-cards)
20:59:08 [pipeline] exec 02/9 select_layout → 2 chosen (ok)
20:59:08 [pipeline] exec 19/34 generate_copy:gallery → copy fields: ['type', 'heading', 'subhead']
20:59:08 [pipeline] exec 20/34 select_image:gallery → images attached
20:59:08 [pipeline] exec 21/34 assemble_section:gallery → GATE 3 ok (masonry)
20:59:08 [pipeline] exec 22/34 generate_copy:testimonials → copy fields: ['type', 'heading', 'items']
20:59:08 [pipeline] exec 23/34 select_image:testimonials → images attached
20:59:08 [pipeline] exec 24/34 assemble_section:testimonials → GATE 3 ok (single-quote)
20:59:08 [pipeline] exec 03/9 generate_copy:hero → copy fields: ['type', 'headline', 'subhead', 'button']
20:59:09 [pipeline] exec 04/9 select_image:hero → images attached
20:59:09 [pipeline] exec 05/9 assemble_section:hero → GATE 3 ok (split-left)
20:59:09 [pipeline] exec 09/30 generate_copy:benefits → copy fields: ['type', 'heading', 'items']
20:59:09 [pipeline]      plan refined: select_icon:benefits → 4 item operation(s)
20:59:09 [pipeline] exec 10/33 select_icon:benefits#1 → truck (ok)
20:59:10 [pipeline] exec 16/34 generate_copy:services → copy fields: ['type', 'heading', 'subhead', 'items']
20:59:10 [pipeline] exec 11/33 select_icon:benefits#2 → cake (ok)
20:59:10 [pipeline] exec 17/34 select_image:services → images attached
20:59:10 [pipeline] exec 18/34 assemble_section:services → GATE 3 ok (photo-cards)
20:59:10 [pipeline] exec 25/34 generate_copy:promotion → copy fields: ['type', 'title', 'description', 'button']
20:59:10 [pipeline] exec 26/34 select_image:promotion → images attached
20:59:10 [pipeline] exec 27/34 assemble_section:promotion → GATE 3 ok (tinted-band)
20:59:11 [pipeline] exec 12/33 select_icon:benefits#3 → clipboard-list (ok)
20:59:11 [pipeline] exec 22/34 generate_copy:testimonials → copy fields: ['type', 'heading', 'items']
20:59:11 [pipeline] exec 23/34 select_image:testimonials → images attached
20:59:11 [pipeline] exec 24/34 assemble_section:testimonials → GATE 3 ok (single-quote)
20:59:12 [pipeline] exec 25/34 generate_copy:promotion → copy fields: ['type', 'title', 'description', 'button']
20:59:12 [pipeline] exec 26/34 select_image:promotion → images attached
20:59:12 [pipeline] exec 27/34 assemble_section:promotion → GATE 3 ok (tinted-band)
20:59:12 [pipeline] exec 28/34 generate_copy:faq → copy fields: ['type', 'heading', 'items']
20:59:12 [pipeline] exec 29/34 select_image:faq → images attached
20:59:12 [pipeline] exec 30/34 assemble_section:faq → GATE 3 ok (accordion-boxed)
20:59:13 [pipeline] exec 13/33 select_icon:benefits#4 → timer (ok)
20:59:13 [pipeline] exec 14/33 assemble_section:benefits → GATE 3 ok (grid-cards)
20:59:14 [pipeline] exec 19/34 generate_copy:gallery → copy fields: ['type', 'heading', 'subhead']
20:59:14 [pipeline] exec 20/34 select_image:gallery → images attached
20:59:14 [pipeline] exec 21/34 assemble_section:gallery → GATE 3 ok (grid-three)
20:59:15 [pipeline] exec 31/34 generate_copy:contact → copy fields: ['type', 'heading', 'description', 'details', 'button']
20:59:15 [pipeline] exec 32/34 select_image:contact → images attached
20:59:15 [pipeline] exec 33/34 assemble_section:contact → GATE 3 ok (details-and-cta)
20:59:15 [pipeline] exec 34/34 assemble_page → GATE 2 ok
20:59:15 [pipeline] gates: intent=ok operations=ok theme=ok layout=ok schema=ok → page /maria-s-bakery (11 sections)
20:59:15 [pipeline] draft persisted /maria-s-bakery as 07ade02eaf474778 (unpublished)
20:59:15 [pipeline] ──────── pipeline done: VALID ────────
20:59:16 [pipeline] ──────── command pipeline start ────────
20:59:16 [pipeline] transcript: 'Put together a page for Apex Plumbing aimed at homeowners, only a hero and ques…' (lang=en)
20:59:16 [pipeline] GATE 0 (command) ok: 18 words
20:59:19 [pipeline] exec 28/34 generate_copy:faq → copy fields: ['type', 'heading', 'items']
20:59:19 [pipeline] exec 29/34 select_image:faq → images attached
20:59:19 [pipeline] exec 30/34 assemble_section:faq → GATE 3 ok (accordion-boxed)
20:59:19 [pipeline] interpret returned 'createPage' with no arguments, asking once more
20:59:20 [pipeline] exec 31/34 generate_copy:contact → copy fields: ['type', 'heading', 'description', 'details', 'button']
20:59:20 [pipeline] exec 32/34 select_image:contact → images attached
20:59:20 [pipeline] exec 33/34 assemble_section:contact → GATE 3 ok (details-and-cta)
20:59:20 [pipeline] exec 34/34 assemble_page → GATE 2 ok
20:59:20 [pipeline] gates: intent=ok operations=ok theme=ok layout=ok schema=ok → page /maria-s-bakery (11 sections)
20:59:20 [pipeline] draft persisted /maria-s-bakery as 79b5d13e227e43e9 (unpublished)
20:59:20 [pipeline] ──────── pipeline done: VALID ────────
20:59:20 [pipeline] exec 28/34 generate_copy:faq → copy fields: ['type', 'heading', 'items']
20:59:20 [pipeline] exec 29/34 select_image:faq → images attached
20:59:20 [pipeline] exec 30/34 assemble_section:faq → GATE 3 ok (accordion)
20:59:21 [pipeline] STEP 1 interpret → action='createPage'
20:59:21 [pipeline] GATE 1 (intent) ok: 'createPage' is allowed
20:59:21 [pipeline] STEP 2/4 brief extracted: business='Apex Plumbing' audience='Local customers' goal='Generate enquiries'
20:59:21 [pipeline] ──────── command pipeline start ────────
20:59:21 [pipeline] transcript: 'For Apex Plumbing: a homeowner-facing page collecting quote requests, hero and …' (lang=en)
20:59:21 [pipeline] GATE 0 (command) ok: 13 words
20:59:21 [pipeline] interpret returned 'createPage' with no arguments, asking once more
20:59:22 [pipeline] exec 06/9 generate_copy:faq → copy fields: ['type', 'heading', 'items']
20:59:22 [pipeline] exec 07/9 select_image:faq → images attached
20:59:22 [pipeline] exec 08/9 assemble_section:faq → GATE 3 ok (accordion-boxed)
20:59:22 [pipeline] exec 09/9 assemble_page → GATE 2 ok
20:59:22 [pipeline] gates: intent=ok operations=ok theme=ok layout=ok schema=ok → page /apex-plumbing (4 sections)
20:59:22 [pipeline] draft persisted /apex-plumbing as f5d0b80559ab457f (unpublished)
20:59:22 [pipeline] ──────── pipeline done: VALID ────────
20:59:22 [pipeline] STEP 3/4 schema generated: 2 sections ['hero', 'faq']
20:59:22 [pipeline] STEP 4/4 planner produced 9 atomic operations:
20:59:22 [pipeline]     OAO 01/09  select_theme
20:59:22 [pipeline]     OAO 02/09  select_layout
20:59:22 [pipeline]     OAO 03/09  generate_copy:hero
20:59:22 [pipeline]     OAO 04/09  select_image:hero
20:59:22 [pipeline]     OAO 05/09  assemble_section:hero
20:59:22 [pipeline]     OAO 06/09  generate_copy:faq
20:59:22 [pipeline]     OAO 07/09  select_image:faq
20:59:22 [pipeline]     OAO 08/09  assemble_section:faq
20:59:22 [pipeline]     OAO 09/09  assemble_page
20:59:22 [pipeline] ──────── command pipeline start ────────
20:59:22 [pipeline] transcript: 'Build a page for Apex Plumbing aimed at homeowners to collect quote requests, w…' (lang=en)
20:59:22 [pipeline] GATE 0 (command) ok: 18 words
20:59:23 [pipeline] exec 31/34 generate_copy:contact → copy fields: ['type', 'heading', 'description', 'details', 'button']
20:59:23 [pipeline] exec 32/34 select_image:contact → images attached
20:59:23 [pipeline] exec 33/34 assemble_section:contact → GATE 3 ok (details-and-cta)
20:59:23 [pipeline] exec 34/34 assemble_page → GATE 2 ok
20:59:23 [pipeline] gates: intent=ok operations=ok theme=ok layout=ok schema=ok → page /maria-s-bakery (11 sections)
20:59:23 [pipeline] draft persisted /maria-s-bakery as a857559c4c054e43 (unpublished)
20:59:23 [pipeline] ──────── pipeline done: VALID ────────
20:59:23 [pipeline] exec 22/34 generate_copy:testimonials → copy fields: ['type', 'heading', 'items']
20:59:23 [pipeline] exec 23/34 select_image:testimonials → images attached
20:59:23 [pipeline] exec 24/34 assemble_section:testimonials → GATE 3 ok (cards-grid)
20:59:23 [pipeline] ──────── command pipeline start ────────
20:59:23 [pipeline] transcript: 'Make a landing page for GreenLeaf Yoga Studio for busy professionals to sign up…' (lang=en)
20:59:23 [pipeline] GATE 0 (command) ok: 21 words
20:59:23 [pipeline] STEP 1 interpret → action='createPage'
20:59:23 [pipeline] GATE 1 (intent) ok: 'createPage' is allowed
20:59:23 [pipeline] STEP 2/4 brief extracted: business='Apex Plumbing' audience='homeowners' goal='collect quote requests'
20:59:24 [pipeline] exec 25/34 generate_copy:promotion → copy fields: ['type', 'title', 'description', 'button']
20:59:24 [pipeline] exec 26/34 select_image:promotion → images attached
20:59:24 [pipeline] exec 27/34 assemble_section:promotion → GATE 3 ok (tinted-band)
20:59:24 [pipeline] STEP 1 interpret → action='createPage'
20:59:24 [pipeline] GATE 1 (intent) ok: 'createPage' is allowed
20:59:24 [pipeline] STEP 2/4 brief extracted: business='GreenLeaf Yoga Studio' audience='busy professionals' goal='sign up for classes'
20:59:25 [pipeline] exec 01/9 select_theme → Pipe & Copper, warm layout (ok)
20:59:26 [pipeline] STEP 3/4 schema generated: 3 sections ['hero', 'promotion', 'faq']
20:59:26 [pipeline] STEP 4/4 planner produced 12 atomic operations:
20:59:26 [pipeline]     OAO 01/12  select_theme
20:59:26 [pipeline]     OAO 02/12  select_layout
20:59:26 [pipeline]     OAO 03/12  generate_copy:hero
20:59:26 [pipeline]     OAO 04/12  select_image:hero
20:59:26 [pipeline]     OAO 05/12  assemble_section:hero
20:59:26 [pipeline]     OAO 06/12  generate_copy:promotion
20:59:26 [pipeline]     OAO 07/12  select_image:promotion
20:59:26 [pipeline]     OAO 08/12  assemble_section:promotion
20:59:26 [pipeline]     OAO 09/12  generate_copy:faq
20:59:26 [pipeline]     OAO 10/12  select_image:faq
20:59:26 [pipeline]     OAO 11/12  assemble_section:faq
20:59:26 [pipeline]     OAO 12/12  assemble_page
20:59:26 [pipeline] exec 02/9 select_layout → 2 chosen (ok)
20:59:26 [pipeline] exec 28/34 generate_copy:faq → copy fields: ['type', 'heading', 'items']
20:59:26 [pipeline] exec 29/34 select_image:faq → images attached
20:59:26 [pipeline] exec 30/34 assemble_section:faq → GATE 3 ok (accordion)
20:59:27 [pipeline] exec 03/9 generate_copy:hero → copy fields: ['type', 'headline', 'subhead', 'button']
20:59:27 [pipeline] exec 04/9 select_image:hero → images attached
20:59:27 [pipeline] exec 05/9 assemble_section:hero → GATE 3 ok (split-left)
20:59:28 [pipeline] exec 31/34 generate_copy:contact → copy fields: ['type', 'heading', 'description', 'details', 'button']
20:59:28 [pipeline] exec 32/34 select_image:contact → images attached
20:59:28 [pipeline] exec 33/34 assemble_section:contact → GATE 3 ok (details-and-cta)
20:59:28 [pipeline] exec 34/34 assemble_page → GATE 2 ok
20:59:28 [pipeline] gates: intent=ok operations=ok theme=ok layout=ok schema=ok → page /maria-s-bakery (11 sections)
20:59:28 [pipeline] draft persisted /maria-s-bakery as 01f5d52582e14b9a (unpublished)
20:59:28 [pipeline] ──────── pipeline done: VALID ────────
20:59:29 [pipeline] ──────── command pipeline start ────────
20:59:29 [pipeline] transcript: 'GreenLeaf Yoga Studio wants a page for busy professionals to sign up for classe…' (lang=en)
20:59:29 [pipeline] GATE 0 (command) ok: 19 words
20:59:29 [pipeline] STEP 3/4 schema generated: 2 sections ['hero', 'faq']
20:59:29 [pipeline] STEP 4/4 planner produced 9 atomic operations:
20:59:29 [pipeline]     OAO 01/09  select_theme
20:59:29 [pipeline]     OAO 02/09  select_layout
20:59:29 [pipeline]     OAO 03/09  generate_copy:hero
20:59:29 [pipeline]     OAO 04/09  select_image:hero
20:59:29 [pipeline]     OAO 05/09  assemble_section:hero
20:59:29 [pipeline]     OAO 06/09  generate_copy:faq
20:59:29 [pipeline]     OAO 07/09  select_image:faq
20:59:29 [pipeline]     OAO 08/09  assemble_section:faq
20:59:29 [pipeline]     OAO 09/09  assemble_page
20:59:30 [pipeline] STEP 1 interpret → action='createPage'
20:59:30 [pipeline] GATE 1 (intent) ok: 'createPage' is allowed
20:59:30 [pipeline] STEP 2/4 brief extracted: business='GreenLeaf Yoga Studio' audience='busy professionals' goal='sign up for classes'
20:59:31 [pipeline] exec 01/9 select_theme → Pipe & Copper, warm layout (ok)
20:59:31 [pipeline] STEP 3/4 schema generated: 2 sections ['hero', 'promotion']
20:59:31 [pipeline] STEP 4/4 planner produced 9 atomic operations:
20:59:31 [pipeline]     OAO 01/09  select_theme
20:59:31 [pipeline]     OAO 02/09  select_layout
20:59:31 [pipeline]     OAO 03/09  generate_copy:hero
20:59:31 [pipeline]     OAO 04/09  select_image:hero
20:59:31 [pipeline]     OAO 05/09  assemble_section:hero
20:59:31 [pipeline]     OAO 06/09  generate_copy:promotion
20:59:31 [pipeline]     OAO 07/09  select_image:promotion
20:59:31 [pipeline]     OAO 08/09  assemble_section:promotion
20:59:31 [pipeline]     OAO 09/09  assemble_page
20:59:31 [pipeline] exec 02/9 select_layout → 2 chosen (ok)
20:59:33 [pipeline] exec 15/33 generate_copy:services → copy fields: ['type', 'heading', 'subhead', 'items']
20:59:33 [pipeline] STEP 1 interpret → action='createPage'
20:59:33 [pipeline] GATE 1 (intent) ok: 'createPage' is allowed
20:59:33 [pipeline] STEP 2/4 brief extracted: business='Apex Plumbing' audience='homeowners' goal='collect quote requests'
20:59:33 [pipeline] exec 16/33 select_image:services → images attached
20:59:33 [pipeline] exec 17/33 assemble_section:services → GATE 3 ok (photo-cards)
20:59:33 [pipeline] exec 01/9 select_theme → Calm Meadow, warm layout (ok)
20:59:34 [pipeline] exec 18/33 generate_copy:gallery → copy fields: ['type', 'heading', 'subhead']
20:59:34 [pipeline] exec 19/33 select_image:gallery → images attached
20:59:34 [pipeline] exec 20/33 assemble_section:gallery → GATE 3 ok (grid-three)
20:59:34 [pipeline] exec 02/9 select_layout → 2 chosen (ok)
20:59:34 [pipeline] exec 06/9 generate_copy:faq → copy fields: ['type', 'heading', 'items']
20:59:34 [pipeline] exec 07/9 select_image:faq → images attached
20:59:34 [pipeline] exec 08/9 assemble_section:faq → GATE 3 ok (tinted-accordion)
20:59:34 [pipeline] exec 09/9 assemble_page → GATE 2 ok
20:59:34 [pipeline] gates: intent=ok operations=ok theme=ok layout=ok schema=ok → page /apex-plumbing (4 sections)
20:59:34 [pipeline] draft persisted /apex-plumbing as 2dbefb3b95b34f2a (unpublished)
20:59:34 [pipeline] ──────── pipeline done: VALID ────────
20:59:34 [pipeline] STEP 3/4 schema generated: 2 sections ['hero', 'faq']
20:59:34 [pipeline] STEP 4/4 planner produced 9 atomic operations:
20:59:34 [pipeline]     OAO 01/09  select_theme
20:59:34 [pipeline]     OAO 02/09  select_layout
20:59:34 [pipeline]     OAO 03/09  generate_copy:hero
20:59:34 [pipeline]     OAO 04/09  select_image:hero
20:59:34 [pipeline]     OAO 05/09  assemble_section:hero
20:59:34 [pipeline]     OAO 06/09  generate_copy:faq
20:59:34 [pipeline]     OAO 07/09  select_image:faq
20:59:34 [pipeline]     OAO 08/09  assemble_section:faq
20:59:34 [pipeline]     OAO 09/09  assemble_page
20:59:34 [pipeline] exec 03/9 generate_copy:hero → copy fields: ['type', 'headline', 'subhead', 'button']
20:59:34 [pipeline] exec 04/9 select_image:hero → images attached
20:59:34 [pipeline] exec 05/9 assemble_section:hero → GATE 3 ok (split-left)
20:59:34 [pipeline] ──────── command pipeline start ────────
20:59:34 [pipeline] transcript: 'Create a page for GreenLeaf Yoga Studio targeting busy professionals joining cl…' (lang=en)
20:59:34 [pipeline] GATE 0 (command) ok: 15 words
20:59:35 [pipeline] exec 03/9 generate_copy:hero → copy fields: ['type', 'headline', 'subhead', 'button']
20:59:35 [pipeline] exec 04/9 select_image:hero → images attached
20:59:35 [pipeline] exec 05/9 assemble_section:hero → GATE 3 ok (split-left)
20:59:36 [pipeline] exec 01/9 select_theme → Pipe & Copper, warm layout (ok)
20:59:36 [pipeline] exec 01/12 select_theme → Calm Meadow, warm layout (ok)
20:59:37 [pipeline] exec 02/9 select_layout → 2 chosen (ok)
20:59:37 [pipeline] exec 06/9 generate_copy:promotion → copy fields: ['type', 'title', 'description', 'button']
20:59:37 [pipeline] exec 07/9 select_image:promotion → images attached
20:59:37 [pipeline] exec 08/9 assemble_section:promotion → GATE 3 ok (tinted-band)
20:59:37 [pipeline] exec 09/9 assemble_page → GATE 2 ok
20:59:37 [pipeline] gates: intent=ok operations=ok theme=ok layout=ok schema=ok → page /greenleaf-yoga-studio (4 sections)
20:59:37 [pipeline] draft persisted /greenleaf-yoga-studio as 12c849f871634412 (unpublished)
20:59:37 [pipeline] ──────── pipeline done: VALID ────────
20:59:37 [pipeline] exec 02/12 select_layout → 3 chosen (ok)
20:59:37 [pipeline] ──────── command pipeline start ────────
20:59:37 [pipeline] transcript: 'Landing page for GreenLeaf Yoga Studio, busy professionals signing up for class…' (lang=en)
20:59:37 [pipeline] GATE 0 (command) ok: 17 words
20:59:39 [pipeline] exec 03/12 generate_copy:hero → copy fields: ['type', 'headline', 'subhead', 'button']
20:59:39 [pipeline] STEP 1 interpret → action='createPage'
20:59:39 [pipeline] GATE 1 (intent) ok: 'createPage' is allowed
20:59:39 [pipeline] STEP 2/4 brief extracted: business='GreenLeaf Yoga Studio' audience='busy professionals' goal='sign up for classes'
20:59:39 [pipeline] exec 04/12 select_image:hero → images attached
20:59:39 [pipeline] exec 05/12 assemble_section:hero → GATE 3 ok (split-left)
20:59:39 [pipeline] STEP 3/4 schema generated: 2 sections ['hero', 'promotion']
20:59:39 [pipeline] STEP 4/4 planner produced 9 atomic operations:
20:59:39 [pipeline]     OAO 01/09  select_theme
20:59:39 [pipeline]     OAO 02/09  select_layout
20:59:39 [pipeline]     OAO 03/09  generate_copy:hero
20:59:39 [pipeline]     OAO 04/09  select_image:hero
20:59:39 [pipeline]     OAO 05/09  assemble_section:hero
20:59:39 [pipeline]     OAO 06/09  generate_copy:promotion
20:59:39 [pipeline]     OAO 07/09  select_image:promotion
20:59:39 [pipeline]     OAO 08/09  assemble_section:promotion
20:59:39 [pipeline]     OAO 09/09  assemble_page
20:59:39 [pipeline] exec 21/33 generate_copy:testimonials → copy fields: ['type', 'heading', 'items']
20:59:39 [pipeline] exec 22/33 select_image:testimonials → images attached
20:59:39 [pipeline] exec 23/33 assemble_section:testimonials → GATE 3 ok (cards-grid)
20:59:39 [pipeline] exec 03/9 generate_copy:hero → copy fields: ['type', 'headline', 'subhead', 'button']
20:59:39 [pipeline] exec 04/9 select_image:hero → images attached
20:59:39 [pipeline] exec 05/9 assemble_section:hero → GATE 3 ok (split-left)
20:59:41 [pipeline] exec 01/9 select_theme → Calm Meadow, organic layout (ok)
20:59:42 [pipeline] exec 02/9 select_layout → 2 chosen (ok)
20:59:42 [pipeline] exec 06/12 generate_copy:promotion → copy fields: ['type', 'title', 'description', 'button']
20:59:42 [pipeline] exec 07/12 select_image:promotion → images attached
20:59:42 [pipeline] exec 08/12 assemble_section:promotion → GATE 3 ok (tinted-band)
20:59:43 [pipeline] exec 03/9 generate_copy:hero → copy fields: ['type', 'headline', 'subhead', 'button']
20:59:43 [pipeline] exec 04/9 select_image:hero → images attached
20:59:43 [pipeline] exec 05/9 assemble_section:hero → GATE 3 ok (split-left)
20:59:43 [pipeline] exec 24/33 generate_copy:promotion → copy fields: ['type', 'title', 'description', 'button']
20:59:43 [pipeline] exec 25/33 select_image:promotion → images attached
20:59:43 [pipeline] exec 26/33 assemble_section:promotion → GATE 3 ok (tinted-band)
20:59:43 [pipeline] STEP 1 interpret → action='createPage'
20:59:43 [pipeline] GATE 1 (intent) ok: 'createPage' is allowed
20:59:43 [pipeline] STEP 2/4 brief extracted: business='GreenLeaf Yoga Studio' audience='busy professionals joining classes' goal='sign up for classes'
20:59:44 [pipeline] exec 09/12 generate_copy:faq → copy fields: ['type', 'heading', 'items']
20:59:44 [pipeline] exec 10/12 select_image:faq → images attached
20:59:44 [pipeline] exec 11/12 assemble_section:faq → GATE 3 ok (accordion)
20:59:44 [pipeline] exec 12/12 assemble_page → GATE 2 ok
20:59:44 [pipeline] gates: intent=ok operations=ok theme=ok layout=ok schema=ok → page /greenleaf-yoga-studio (5 sections)
20:59:44 [pipeline] draft persisted /greenleaf-yoga-studio as 6508a1bcddf64c80 (unpublished)
20:59:44 [pipeline] ──────── pipeline done: VALID ────────
20:59:44 [pipeline] ──────── command pipeline start ────────
20:59:44 [pipeline] transcript: 'Make a landing page for GreenLeaf Yoga Studio for busy professionals to sign up…' (lang=en)
20:59:44 [pipeline] GATE 0 (command) ok: 21 words
20:59:45 [pipeline] exec 06/9 generate_copy:faq → copy fields: ['type', 'heading', 'items']
20:59:45 [pipeline] exec 07/9 select_image:faq → images attached
20:59:45 [pipeline] exec 08/9 assemble_section:faq → GATE 3 ok (accordion-boxed)
20:59:45 [pipeline] exec 09/9 assemble_page → GATE 2 ok
20:59:45 [pipeline] gates: intent=ok operations=ok theme=ok layout=ok schema=ok → page /apex-plumbing (4 sections)
20:59:45 [pipeline] draft persisted /apex-plumbing as cc596d38d04241dd (unpublished)
20:59:45 [pipeline] ──────── pipeline done: VALID ────────
20:59:46 [pipeline] STEP 3/4 schema generated: 2 sections ['hero', 'promotion']
20:59:46 [pipeline] STEP 4/4 planner produced 9 atomic operations:
20:59:46 [pipeline]     OAO 01/09  select_theme
20:59:46 [pipeline]     OAO 02/09  select_layout
20:59:46 [pipeline]     OAO 03/09  generate_copy:hero
20:59:46 [pipeline]     OAO 04/09  select_image:hero
20:59:46 [pipeline]     OAO 05/09  assemble_section:hero
20:59:46 [pipeline]     OAO 06/09  generate_copy:promotion
20:59:46 [pipeline]     OAO 07/09  select_image:promotion
20:59:46 [pipeline]     OAO 08/09  assemble_section:promotion
20:59:46 [pipeline]     OAO 09/09  assemble_page
20:59:46 [pipeline] exec 27/33 generate_copy:faq → copy fields: ['type', 'heading', 'items']
20:59:46 [pipeline] exec 28/33 select_image:faq → images attached
20:59:46 [pipeline] exec 29/33 assemble_section:faq → GATE 3 ok (accordion)
20:59:46 [pipeline] ──────── command pipeline start ────────
20:59:46 [pipeline] transcript: "Create a landing page for Maria's Bakery targeting young families to take onlin…" (lang=en)
20:59:46 [pipeline] GATE 0 (command) ok: 13 words
20:59:47 [pipeline] exec 06/9 generate_copy:promotion → copy fields: ['type', 'title', 'description', 'button']
20:59:47 [pipeline] exec 07/9 select_image:promotion → images attached
20:59:47 [pipeline] exec 08/9 assemble_section:promotion → GATE 3 ok (tinted-band)
20:59:47 [pipeline] exec 09/9 assemble_page → GATE 2 ok
20:59:47 [pipeline] gates: intent=ok operations=ok theme=ok layout=ok schema=ok → page /greenleaf-yoga-studio (4 sections)
20:59:47 [pipeline] draft persisted /greenleaf-yoga-studio as 0cdabd0d77284fdd (unpublished)
20:59:47 [pipeline] ──────── pipeline done: VALID ────────
20:59:47 [pipeline] ──────── command pipeline start ────────
20:59:47 [pipeline] transcript: "I need another page for Maria's Bakery, still targeting young families for onli…" (lang=en)
20:59:47 [pipeline] GATE 0 (command) ok: 13 words
20:59:48 [pipeline] STEP 1 interpret → action='createPage'
20:59:48 [pipeline] GATE 1 (intent) ok: 'createPage' is allowed
20:59:48 [pipeline] STEP 2/4 brief extracted: business='GreenLeaf Yoga Studio' audience='busy professionals' goal='sign up for classes'
20:59:50 [pipeline] STEP 3/4 schema generated: 3 sections ['hero', 'promotion', 'faq']
20:59:50 [pipeline] STEP 4/4 planner produced 12 atomic operations:
20:59:50 [pipeline]     OAO 01/12  select_theme
20:59:50 [pipeline]     OAO 02/12  select_layout
20:59:50 [pipeline]     OAO 03/12  generate_copy:hero
20:59:50 [pipeline]     OAO 04/12  select_image:hero
20:59:50 [pipeline]     OAO 05/12  assemble_section:hero
20:59:50 [pipeline]     OAO 06/12  generate_copy:promotion
20:59:50 [pipeline]     OAO 07/12  select_image:promotion
20:59:50 [pipeline]     OAO 08/12  assemble_section:promotion
20:59:50 [pipeline]     OAO 09/12  generate_copy:faq
20:59:50 [pipeline]     OAO 10/12  select_image:faq
20:59:50 [pipeline]     OAO 11/12  assemble_section:faq
20:59:50 [pipeline]     OAO 12/12  assemble_page
20:59:50 [pipeline] exec 01/9 select_theme → Willow & Sage, warm layout (ok)
20:59:50 [pipeline] STEP 1 interpret → action='createPage'
20:59:50 [pipeline] GATE 1 (intent) ok: 'createPage' is allowed
20:59:50 [pipeline] STEP 2/4 brief extracted: business="Maria's Bakery" audience='young families' goal='online orders'
20:59:50 [pipeline] exec 06/9 generate_copy:faq → copy fields: ['type', 'heading', 'items']
20:59:50 [pipeline] exec 07/9 select_image:faq → images attached
20:59:50 [pipeline] exec 08/9 assemble_section:faq → GATE 3 ok (accordion-boxed)
20:59:50 [pipeline] exec 09/9 assemble_page → GATE 2 ok
20:59:50 [pipeline] gates: intent=ok operations=ok theme=ok layout=ok schema=ok → page /apex-plumbing (4 sections)
20:59:50 [pipeline] draft persisted /apex-plumbing as 4b8b3b943d2b489a (unpublished)
20:59:50 [pipeline] ──────── pipeline done: VALID ────────
20:59:50 [pipeline] exec 02/9 select_layout → 2 chosen (ok)
20:59:51 [pipeline] ──────── command pipeline start ────────
20:59:51 [pipeline] transcript: "Set up a second Maria's Bakery page aimed at young families to take online orde…" (lang=en)
20:59:51 [pipeline] GATE 0 (command) ok: 14 words
20:59:51 [pipeline] exec 01/12 select_theme → Calm Meadow, minimal layout (ok)
20:59:53 [pipeline] STEP 3/4 schema generated: 9 sections ['hero', 'about', 'benefits', 'services', 'gallery', 'testimonials', 'promotion', 'faq', 'contact']
20:59:53 [pipeline] STEP 4/4 planner produced 30 atomic operations:
20:59:53 [pipeline]     OAO 01/30  select_theme
20:59:53 [pipeline]     OAO 02/30  select_layout
20:59:53 [pipeline]     OAO 03/30  generate_copy:hero
20:59:53 [pipeline]     OAO 04/30  select_image:hero
20:59:53 [pipeline]     OAO 05/30  assemble_section:hero
20:59:53 [pipeline]     OAO 06/30  generate_copy:about
20:59:53 [pipeline]     OAO 07/30  select_image:about
20:59:53 [pipeline]     OAO 08/30  assemble_section:about
20:59:53 [pipeline]     OAO 09/30  generate_copy:benefits
20:59:53 [pipeline]     OAO 10/30  select_icon:benefits
20:59:53 [pipeline]     OAO 11/30  assemble_section:benefits
20:59:53 [pipeline]     OAO 12/30  generate_copy:services
20:59:53 [pipeline]     OAO 13/30  select_image:services
20:59:53 [pipeline]     OAO 14/30  assemble_section:services
20:59:53 [pipeline]     OAO 15/30  generate_copy:gallery
20:59:53 [pipeline]     OAO 16/30  select_image:gallery
20:59:53 [pipeline]     OAO 17/30  assemble_section:gallery
20:59:53 [pipeline]     OAO 18/30  generate_copy:testimonials
20:59:53 [pipeline]     OAO 19/30  select_image:testimonials
20:59:53 [pipeline]     OAO 20/30  assemble_section:testimonials
20:59:53 [pipeline]     OAO 21/30  generate_copy:promotion
20:59:53 [pipeline]     OAO 22/30  select_image:promotion
20:59:53 [pipeline]     OAO 23/30  assemble_section:promotion
20:59:53 [pipeline]     OAO 24/30  generate_copy:faq
20:59:53 [pipeline]     OAO 25/30  select_image:faq
20:59:53 [pipeline]     OAO 26/30  assemble_section:faq
20:59:53 [pipeline]     OAO 27/30  generate_copy:contact
20:59:53 [pipeline]     OAO 28/30  select_image:contact
20:59:53 [pipeline]     OAO 29/30  assemble_section:contact
20:59:53 [pipeline]     OAO 30/30  assemble_page
20:59:53 [pipeline] exec 01/30 select_theme → Honey Crumb, warm layout (ok)
20:59:54 [pipeline] exec 02/12 select_layout → 3 chosen (ok)
20:59:54 [pipeline] exec 30/33 generate_copy:contact → copy fields: ['type', 'heading', 'description', 'details', 'button']
20:59:54 [pipeline] exec 31/33 select_image:contact → images attached
20:59:54 [pipeline] exec 32/33 assemble_section:contact → GATE 3 ok (details-and-cta)
20:59:54 [pipeline] exec 33/33 assemble_page → GATE 2 ok
20:59:54 [pipeline] gates: intent=ok operations=ok theme=ok layout=ok schema=ok → page /maria-s-bakery (11 sections)
20:59:54 [pipeline] draft persisted /maria-s-bakery as ffd5c75403a541e6 (unpublished)
20:59:54 [pipeline] ──────── pipeline done: VALID ────────
20:59:54 [pipeline] exec 03/9 generate_copy:hero → copy fields: ['type', 'headline', 'subhead', 'button']
20:59:54 [pipeline] exec 04/9 select_image:hero → images attached
20:59:54 [pipeline] exec 05/9 assemble_section:hero → GATE 3 ok (overlay-card)
20:59:54 [pipeline] exec 03/12 generate_copy:hero → copy fields: ['type', 'headline', 'subhead', 'button']
20:59:54 [pipeline] exec 04/12 select_image:hero → images attached
20:59:54 [pipeline] exec 05/12 assemble_section:hero → GATE 3 ok (split-left)
20:59:54 [pipeline] ──────── command pipeline start ────────
20:59:54 [pipeline] transcript: "Create a landing page for Maria's Bakery targeting young families to take onlin…" (lang=en)
20:59:54 [pipeline] GATE 0 (command) ok: 13 words
20:59:56 [pipeline] exec 02/30 select_layout → 9 chosen (ok)
20:59:57 [pipeline] exec 06/9 generate_copy:promotion → copy fields: ['type', 'title', 'description', 'button']
20:59:57 [pipeline] exec 07/9 select_image:promotion → images attached
20:59:57 [pipeline] exec 08/9 assemble_section:promotion → GATE 3 ok (ticket)
20:59:57 [pipeline] exec 09/9 assemble_page → GATE 2 ok
20:59:57 [pipeline] gates: intent=ok operations=ok theme=ok layout=ok schema=ok → page /greenleaf-yoga-studio (4 sections)
20:59:57 [pipeline] draft persisted /greenleaf-yoga-studio as 4625b3976092481e (unpublished)
20:59:57 [pipeline] ──────── pipeline done: VALID ────────
20:59:57 [pipeline] STEP 1 interpret → action='createPage'
20:59:57 [pipeline] GATE 1 (intent) ok: 'createPage' is allowed
20:59:57 [pipeline] STEP 2/4 brief extracted: business="Maria's Bakery" audience='young families' goal='take online orders'
20:59:58 [pipeline] ──────── command pipeline start ────────
20:59:58 [pipeline] transcript: "I need another page for Maria's Bakery, still targeting young families for onli…" (lang=en)
20:59:58 [pipeline] GATE 0 (command) ok: 13 words
20:59:58 [pipeline] exec 06/12 generate_copy:promotion → copy fields: ['type', 'title', 'description', 'button']
20:59:58 [pipeline] exec 07/12 select_image:promotion → images attached
20:59:58 [pipeline] exec 08/12 assemble_section:promotion → GATE 3 ok (tinted-band)
20:59:58 [pipeline] STEP 3/4 schema generated: 9 sections ['hero', 'about', 'benefits', 'services', 'gallery', 'testimonials', 'promotion', 'faq', 'contact']
20:59:58 [pipeline] STEP 4/4 planner produced 30 atomic operations:
20:59:58 [pipeline]     OAO 01/30  select_theme
20:59:58 [pipeline]     OAO 02/30  select_layout
20:59:58 [pipeline]     OAO 03/30  generate_copy:hero
20:59:58 [pipeline]     OAO 04/30  select_image:hero
20:59:58 [pipeline]     OAO 05/30  assemble_section:hero
20:59:58 [pipeline]     OAO 06/30  generate_copy:about
20:59:58 [pipeline]     OAO 07/30  select_image:about
20:59:58 [pipeline]     OAO 08/30  assemble_section:about
20:59:58 [pipeline]     OAO 09/30  generate_copy:benefits
20:59:58 [pipeline]     OAO 10/30  select_icon:benefits
20:59:58 [pipeline]     OAO 11/30  assemble_section:benefits
20:59:58 [pipeline]     OAO 12/30  generate_copy:services
20:59:58 [pipeline]     OAO 13/30  select_image:services
20:59:58 [pipeline]     OAO 14/30  assemble_section:services
20:59:58 [pipeline]     OAO 15/30  generate_copy:gallery
20:59:58 [pipeline]     OAO 16/30  select_image:gallery
20:59:58 [pipeline]     OAO 17/30  assemble_section:gallery
20:59:58 [pipeline]     OAO 18/30  generate_copy:testimonials
20:59:58 [pipeline]     OAO 19/30  select_image:testimonials
20:59:58 [pipeline]     OAO 20/30  assemble_section:testimonials
20:59:58 [pipeline]     OAO 21/30  generate_copy:promotion
20:59:58 [pipeline]     OAO 22/30  select_image:promotion
20:59:58 [pipeline]     OAO 23/30  assemble_section:promotion
20:59:58 [pipeline]     OAO 24/30  generate_copy:faq
20:59:58 [pipeline]     OAO 25/30  select_image:faq
20:59:58 [pipeline]     OAO 26/30  assemble_section:faq
20:59:58 [pipeline]     OAO 27/30  generate_copy:contact
20:59:58 [pipeline]     OAO 28/30  select_image:contact
20:59:58 [pipeline]     OAO 29/30  assemble_section:contact
20:59:58 [pipeline]     OAO 30/30  assemble_page
20:59:58 [pipeline] STEP 1 interpret → action='createPage'
20:59:58 [pipeline] GATE 1 (intent) ok: 'createPage' is allowed
20:59:58 [pipeline] STEP 2/4 brief extracted: business="Maria's Bakery" audience='young families' goal='take online orders'
20:59:58 [pipeline] exec 03/30 generate_copy:hero → copy fields: ['type', 'headline', 'subhead', 'button']
20:59:58 [pipeline] exec 04/30 select_image:hero → images attached
20:59:58 [pipeline] exec 05/30 assemble_section:hero → GATE 3 ok (overlay-card)
20:59:59 [pipeline] STEP 1 interpret → action='createPage'
20:59:59 [pipeline] GATE 1 (intent) ok: 'createPage' is allowed
20:59:59 [pipeline] STEP 2/4 brief extracted: business="Maria's Bakery" audience='young families' goal='take online orders'
20:59:59 [pipeline] STEP 3/4 schema generated: 9 sections ['hero', 'about', 'benefits', 'services', 'gallery', 'testimonials', 'promotion', 'faq', 'contact']
20:59:59 [pipeline] STEP 4/4 planner produced 30 atomic operations:
20:59:59 [pipeline]     OAO 01/30  select_theme
20:59:59 [pipeline]     OAO 02/30  select_layout
20:59:59 [pipeline]     OAO 03/30  generate_copy:hero
20:59:59 [pipeline]     OAO 04/30  select_image:hero
20:59:59 [pipeline]     OAO 05/30  assemble_section:hero
20:59:59 [pipeline]     OAO 06/30  generate_copy:about
20:59:59 [pipeline]     OAO 07/30  select_image:about
20:59:59 [pipeline]     OAO 08/30  assemble_section:about
20:59:59 [pipeline]     OAO 09/30  generate_copy:benefits
20:59:59 [pipeline]     OAO 10/30  select_icon:benefits
20:59:59 [pipeline]     OAO 11/30  assemble_section:benefits
20:59:59 [pipeline]     OAO 12/30  generate_copy:services
20:59:59 [pipeline]     OAO 13/30  select_image:services
20:59:59 [pipeline]     OAO 14/30  assemble_section:services
20:59:59 [pipeline]     OAO 15/30  generate_copy:gallery
20:59:59 [pipeline]     OAO 16/30  select_image:gallery
20:59:59 [pipeline]     OAO 17/30  assemble_section:gallery
20:59:59 [pipeline]     OAO 18/30  generate_copy:testimonials
20:59:59 [pipeline]     OAO 19/30  select_image:testimonials
20:59:59 [pipeline]     OAO 20/30  assemble_section:testimonials
20:59:59 [pipeline]     OAO 21/30  generate_copy:promotion
20:59:59 [pipeline]     OAO 22/30  select_image:promotion
20:59:59 [pipeline]     OAO 23/30  assemble_section:promotion
20:59:59 [pipeline]     OAO 24/30  generate_copy:faq
20:59:59 [pipeline]     OAO 25/30  select_image:faq
20:59:59 [pipeline]     OAO 26/30  assemble_section:faq
20:59:59 [pipeline]     OAO 27/30  generate_copy:contact
20:59:59 [pipeline]     OAO 28/30  select_image:contact
20:59:59 [pipeline]     OAO 29/30  assemble_section:contact
20:59:59 [pipeline]     OAO 30/30  assemble_page
20:59:59 [pipeline] STEP 3/4 schema generated: 9 sections ['hero', 'about', 'benefits', 'services', 'gallery', 'testimonials', 'promotion', 'faq', 'contact']
20:59:59 [pipeline] STEP 4/4 planner produced 30 atomic operations:
20:59:59 [pipeline]     OAO 01/30  select_theme
20:59:59 [pipeline]     OAO 02/30  select_layout
20:59:59 [pipeline]     OAO 03/30  generate_copy:hero
20:59:59 [pipeline]     OAO 04/30  select_image:hero
20:59:59 [pipeline]     OAO 05/30  assemble_section:hero
20:59:59 [pipeline]     OAO 06/30  generate_copy:about
20:59:59 [pipeline]     OAO 07/30  select_image:about
20:59:59 [pipeline]     OAO 08/30  assemble_section:about
20:59:59 [pipeline]     OAO 09/30  generate_copy:benefits
20:59:59 [pipeline]     OAO 10/30  select_icon:benefits
20:59:59 [pipeline]     OAO 11/30  assemble_section:benefits
20:59:59 [pipeline]     OAO 12/30  generate_copy:services
20:59:59 [pipeline]     OAO 13/30  select_image:services
20:59:59 [pipeline]     OAO 14/30  assemble_section:services
20:59:59 [pipeline]     OAO 15/30  generate_copy:gallery
20:59:59 [pipeline]     OAO 16/30  select_image:gallery
20:59:59 [pipeline]     OAO 17/30  assemble_section:gallery
20:59:59 [pipeline]     OAO 18/30  generate_copy:testimonials
20:59:59 [pipeline]     OAO 19/30  select_image:testimonials
20:59:59 [pipeline]     OAO 20/30  assemble_section:testimonials
20:59:59 [pipeline]     OAO 21/30  generate_copy:promotion
20:59:59 [pipeline]     OAO 22/30  select_image:promotion
20:59:59 [pipeline]     OAO 23/30  assemble_section:promotion
20:59:59 [pipeline]     OAO 24/30  generate_copy:faq
20:59:59 [pipeline]     OAO 25/30  select_image:faq
20:59:59 [pipeline]     OAO 26/30  assemble_section:faq
20:59:59 [pipeline]     OAO 27/30  generate_copy:contact
20:59:59 [pipeline]     OAO 28/30  select_image:contact
20:59:59 [pipeline]     OAO 29/30  assemble_section:contact
20:59:59 [pipeline]     OAO 30/30  assemble_page
20:59:59 [pipeline] STEP 1 interpret → action='createPage'
20:59:59 [pipeline] GATE 1 (intent) ok: 'createPage' is allowed
20:59:59 [pipeline] STEP 2/4 brief extracted: business="Maria's Bakery" audience='young families' goal='online orders'
21:00:02 [pipeline] STEP 3/4 schema generated: 9 sections ['hero', 'about', 'benefits', 'services', 'gallery', 'testimonials', 'promotion', 'faq', 'contact']
21:00:02 [pipeline] STEP 4/4 planner produced 30 atomic operations:
21:00:02 [pipeline]     OAO 01/30  select_theme
21:00:02 [pipeline]     OAO 02/30  select_layout
21:00:02 [pipeline]     OAO 03/30  generate_copy:hero
21:00:02 [pipeline]     OAO 04/30  select_image:hero
21:00:02 [pipeline]     OAO 05/30  assemble_section:hero
21:00:02 [pipeline]     OAO 06/30  generate_copy:about
21:00:02 [pipeline]     OAO 07/30  select_image:about
21:00:02 [pipeline]     OAO 08/30  assemble_section:about
21:00:02 [pipeline]     OAO 09/30  generate_copy:benefits
21:00:02 [pipeline]     OAO 10/30  select_icon:benefits
21:00:02 [pipeline]     OAO 11/30  assemble_section:benefits
21:00:02 [pipeline]     OAO 12/30  generate_copy:services
21:00:02 [pipeline]     OAO 13/30  select_image:services
21:00:02 [pipeline]     OAO 14/30  assemble_section:services
21:00:02 [pipeline]     OAO 15/30  generate_copy:gallery
21:00:02 [pipeline]     OAO 16/30  select_image:gallery
21:00:02 [pipeline]     OAO 17/30  assemble_section:gallery
21:00:02 [pipeline]     OAO 18/30  generate_copy:testimonials
21:00:02 [pipeline]     OAO 19/30  select_image:testimonials
21:00:02 [pipeline]     OAO 20/30  assemble_section:testimonials
21:00:02 [pipeline]     OAO 21/30  generate_copy:promotion
21:00:02 [pipeline]     OAO 22/30  select_image:promotion
21:00:02 [pipeline]     OAO 23/30  assemble_section:promotion
21:00:02 [pipeline]     OAO 24/30  generate_copy:faq
21:00:02 [pipeline]     OAO 25/30  select_image:faq
21:00:02 [pipeline]     OAO 26/30  assemble_section:faq
21:00:02 [pipeline]     OAO 27/30  generate_copy:contact
21:00:02 [pipeline]     OAO 28/30  select_image:contact
21:00:02 [pipeline]     OAO 29/30  assemble_section:contact
21:00:02 [pipeline]     OAO 30/30  assemble_page
21:00:03 [pipeline] exec 01/30 select_theme → Honeyed Wheat, warm layout (ok)
21:00:03 [pipeline] exec 01/30 select_theme → Golden Crumb, warm layout (ok)
21:00:03 [pipeline] exec 01/30 select_theme → Sunny Saffron, warm layout (ok)
21:00:05 [pipeline] exec 01/30 select_theme → Honeyed Wheat, warm layout (ok)
21:00:05 [pipeline] exec 02/30 select_layout → 9 chosen (ok)
21:00:08 [pipeline] exec 03/30 generate_copy:hero → copy fields: ['type', 'headline', 'subhead', 'button']
21:00:09 [pipeline] exec 04/30 select_image:hero → images attached
21:00:09 [pipeline] exec 05/30 assemble_section:hero → GATE 3 ok (overlay-card)
21:00:09 [pipeline] exec 09/12 generate_copy:faq → copy fields: ['type', 'heading', 'items']
21:00:09 [pipeline] exec 10/12 select_image:faq → images attached
21:00:09 [pipeline] exec 11/12 assemble_section:faq → GATE 3 ok (accordion)
21:00:09 [pipeline] exec 12/12 assemble_page → GATE 2 ok
21:00:09 [pipeline] gates: intent=ok operations=ok theme=ok layout=ok schema=ok → page /greenleaf-yoga-studio (5 sections)
21:00:09 [pipeline] draft persisted /greenleaf-yoga-studio as 48f018cccdbe4bce (unpublished)
21:00:09 [pipeline] ──────── pipeline done: VALID ────────
21:00:09 [pipeline] ──────── command pipeline start ────────
21:00:09 [pipeline] transcript: 'What is the weather forecast for Paris tomorrow afternoon?' (lang=en)
21:00:09 [pipeline] GATE 0 (command) ok: 9 words
21:00:09 [pipeline] exec 02/30 select_layout → 9 chosen (ok)
21:00:10 [pipeline] exec 02/30 select_layout → 9 chosen (ok)
21:00:11 [pipeline] exec 02/30 select_layout → 9 chosen (ok)
21:00:11 [pipeline] STEP 1 interpret → action='unsupported'
21:00:11 [pipeline] GATE 1 (intent) REJECTED: 'unsupported' not in allowed actions ['addItem', 'addSection', 'approveSection', 'createPage', 'editContent', 'moveItem', 'moveSection', 'regenerateSection', 'removeItem', 'removeSection', 'replaceImage', 'setIcon', 'setName', 'setTheme', 'setVariant']
21:00:11 [pipeline] exec 03/30 generate_copy:hero → copy fields: ['type', 'headline', 'subhead', 'button']
21:00:11 [pipeline] exec 04/30 select_image:hero → images attached
21:00:11 [pipeline] exec 05/30 assemble_section:hero → GATE 3 ok (overlay-card)
21:00:11 [pipeline] ──────── command pipeline start ────────
21:00:11 [pipeline] transcript: 'How much does a first-class stamp cost these days?' (lang=en)
21:00:11 [pipeline] GATE 0 (command) ok: 9 words
21:00:12 [pipeline] STEP 1 interpret → action='unsupported'
21:00:12 [pipeline] GATE 1 (intent) REJECTED: 'unsupported' not in allowed actions ['addItem', 'addSection', 'approveSection', 'createPage', 'editContent', 'moveItem', 'moveSection', 'regenerateSection', 'removeItem', 'removeSection', 'replaceImage', 'setIcon', 'setName', 'setTheme', 'setVariant']
21:00:12 [pipeline] ──────── command pipeline start ────────
21:00:12 [pipeline] transcript: 'Book me a table at the Italian place for Friday night' (lang=en)
21:00:12 [pipeline] GATE 0 (command) ok: 10 words
21:00:12 [pipeline] exec 03/30 generate_copy:hero → copy fields: ['type', 'headline', 'subhead', 'button']
21:00:12 [pipeline] exec 04/30 select_image:hero → images attached
21:00:12 [pipeline] exec 05/30 assemble_section:hero → GATE 3 ok (overlay-card)
21:00:12 [pipeline] LLM output invalid for HeroCopy, retrying: 1 validation error for HeroCopy
button
  Input should be a valid dictionary or instance of ButtonCopy [type=model_type, input_value='Order now', input_type=str]
    For further information visit https://errors.pydantic.dev/2.13/v/model_type
21:00:13 [pipeline] exec 03/30 generate_copy:hero → copy fields: ['type', 'headline', 'subhead', 'button']
21:00:13 [pipeline] exec 04/30 select_image:hero → images attached
21:00:13 [pipeline] exec 05/30 assemble_section:hero → GATE 3 ok (split-left)
21:00:14 [pipeline] STEP 1 interpret → action='unsupported'
21:00:14 [pipeline] GATE 1 (intent) REJECTED: 'unsupported' not in allowed actions ['addItem', 'addSection', 'approveSection', 'createPage', 'editContent', 'moveItem', 'moveSection', 'regenerateSection', 'removeItem', 'removeSection', 'replaceImage', 'setIcon', 'setName', 'setTheme', 'setVariant']
21:00:15 [pipeline] ──────── command pipeline start ────────
21:00:15 [pipeline] transcript: 'What time does the last train to Manchester leave?' (lang=en)
21:00:15 [pipeline] GATE 0 (command) ok: 9 words
21:00:15 [pipeline] exec 06/30 generate_copy:about → copy fields: ['type', 'heading', 'eyebrow', 'body', 'button']
21:00:15 [pipeline] exec 07/30 select_image:about → images attached
21:00:15 [pipeline] exec 08/30 assemble_section:about → GATE 3 ok (image-right)
21:00:16 [pipeline] STEP 1 interpret → action='unsupported'
21:00:16 [pipeline] GATE 1 (intent) REJECTED: 'unsupported' not in allowed actions ['addItem', 'addSection', 'approveSection', 'createPage', 'editContent', 'moveItem', 'moveSection', 'regenerateSection', 'removeItem', 'removeSection', 'replaceImage', 'setIcon', 'setName', 'setTheme', 'setVariant']
21:00:16 [pipeline] ──────── command pipeline start ────────
21:00:16 [pipeline] transcript: 'What is the weather forecast for Paris tomorrow afternoon?' (lang=en)
21:00:16 [pipeline] GATE 0 (command) ok: 9 words
21:00:18 [pipeline] exec 06/30 generate_copy:about → copy fields: ['type', 'heading', 'eyebrow', 'body', 'button']
21:00:18 [pipeline] exec 07/30 select_image:about → images attached
21:00:18 [pipeline] exec 08/30 assemble_section:about → GATE 3 ok (image-right)
21:00:18 [pipeline] STEP 1 interpret → action='unsupported'
21:00:18 [pipeline] GATE 1 (intent) REJECTED: 'unsupported' not in allowed actions ['addItem', 'addSection', 'approveSection', 'createPage', 'editContent', 'moveItem', 'moveSection', 'regenerateSection', 'removeItem', 'removeSection', 'replaceImage', 'setIcon', 'setName', 'setTheme', 'setVariant']
21:00:19 [pipeline] ──────── command pipeline start ────────
21:00:19 [pipeline] transcript: 'Thank you.' (lang=en)
21:00:19 [pipeline] GATE 0 (command) REJECTED: likely silence/hallucination: 'Thank you.'
21:00:19 [pipeline] ──────── command pipeline start ────────
21:00:19 [pipeline] transcript: 'Thanks for watching.' (lang=en)
21:00:19 [pipeline] GATE 0 (command) REJECTED: likely silence/hallucination: 'Thanks for watching.'
21:00:19 [pipeline] ──────── command pipeline start ────────
21:00:19 [pipeline] transcript: 'Um.' (lang=en)
21:00:19 [pipeline] GATE 0 (command) REJECTED: transcript too short/unclear: 'Um.'
21:00:20 [pipeline] ──────── command pipeline start ────────
21:00:20 [pipeline] transcript: 'Okay' (lang=en)
21:00:20 [pipeline] GATE 0 (command) REJECTED: transcript too short/unclear: 'Okay'
21:00:20 [pipeline] ──────── command pipeline start ────────
21:00:20 [pipeline] transcript: 'Thank you.' (lang=en)
21:00:20 [pipeline] GATE 0 (command) REJECTED: likely silence/hallucination: 'Thank you.'
21:00:20 [pipeline] ──────── command pipeline start ────────
21:00:20 [pipeline] transcript: 'Change the hero headline to Baked Before Sunrise' (lang=en)
21:00:20 [pipeline] GATE 0 (command) ok: 8 words
21:00:21 [pipeline] interpret returned 'editContent' with no arguments, asking once more
21:00:22 [pipeline] exec 09/30 generate_copy:benefits → copy fields: ['type', 'heading', 'items']
21:00:22 [pipeline]      plan refined: select_icon:benefits → 4 item operation(s)
21:00:23 [pipeline] exec 10/33 select_icon:benefits#1 → truck (ok)
21:00:23 [pipeline] exec 09/30 generate_copy:benefits → copy fields: ['type', 'heading', 'items']
21:00:23 [pipeline]      plan refined: select_icon:benefits → 5 item operation(s)
21:00:23 [pipeline] exec 06/30 generate_copy:about → copy fields: ['type', 'heading', 'eyebrow', 'body', 'button']
21:00:23 [pipeline] exec 06/30 generate_copy:about → copy fields: ['type', 'heading', 'eyebrow', 'body', 'button']
21:00:23 [pipeline] exec 07/30 select_image:about → images attached
21:00:23 [pipeline] exec 08/30 assemble_section:about → GATE 3 ok (image-right)
21:00:23 [pipeline] exec 07/30 select_image:about → images attached
21:00:23 [pipeline] exec 08/30 assemble_section:about → GATE 3 ok (image-left)
21:00:23 [pipeline] exec 06/30 generate_copy:about → copy fields: ['type', 'heading', 'eyebrow', 'body', 'button']
21:00:23 [pipeline] exec 07/30 select_image:about → images attached
21:00:23 [pipeline] exec 08/30 assemble_section:about → GATE 3 ok (image-right)
21:00:23 [pipeline] exec 11/33 select_icon:benefits#2 → chef-hat (ok)
21:00:24 [pipeline] exec 10/34 select_icon:benefits#1 → sunrise (ok)
21:00:25 [pipeline] exec 11/34 select_icon:benefits#2 → smartphone (ok)
21:00:25 [pipeline] exec 09/30 generate_copy:benefits → copy fields: ['type', 'heading', 'items']
21:00:25 [pipeline]      plan refined: select_icon:benefits → 6 item operation(s)
21:00:25 [pipeline] exec 12/34 select_icon:benefits#3 → blocks (repaired)
21:00:26 [pipeline] exec 12/33 select_icon:benefits#3 → heart-handshake (ok)
21:00:26 [pipeline] exec 10/35 select_icon:benefits#1 → timer (ok)
21:00:26 [pipeline] exec 13/34 select_icon:benefits#4 → map-pin (ok)
21:00:27 [pipeline] exec 13/33 select_icon:benefits#4 → cookie (ok)
21:00:27 [pipeline] exec 14/33 assemble_section:benefits → GATE 3 ok (grid-cards)
21:00:27 [pipeline] exec 09/30 generate_copy:benefits → copy fields: ['type', 'heading', 'items']
21:00:27 [pipeline]      plan refined: select_icon:benefits → 4 item operation(s)
21:00:27 [pipeline] exec 14/34 select_icon:benefits#5 → clock (ok)
21:00:27 [pipeline] exec 15/34 assemble_section:benefits → GATE 3 ok (grid-cards)
21:00:27 [pipeline] exec 11/35 select_icon:benefits#2 → wheat (ok)
21:00:27 [pipeline] exec 10/33 select_icon:benefits#1 → truck (ok)
21:00:27 [pipeline] STEP 1 interpret → action='editContent'
21:00:27 [pipeline] GATE 1 (intent) ok: 'editContent' is allowed
21:00:27 [pipeline] section not extracted → inferred 'hero' from the wording
21:00:27 [pipeline] field not extracted → inferred 'headline' from the wording
21:00:27 [pipeline] edit rejected: That part can't be empty -- remove the section instead.
21:00:28 [pipeline] ──────── command pipeline start ────────
21:00:28 [pipeline] transcript: 'Set the hero headline to Baked Before Sunrise' (lang=en)
21:00:28 [pipeline] GATE 0 (command) ok: 8 words
21:00:28 [pipeline] exec 12/35 select_icon:benefits#3 → cookie (ok)
21:00:28 [pipeline] exec 11/33 select_icon:benefits#2 → sun (ok)
21:00:28 [pipeline] STEP 1 interpret → action='editContent'
21:00:28 [pipeline] GATE 1 (intent) ok: 'editContent' is allowed
21:00:28 [pipeline] ['editContent'] → Edited hero headline (v2)
21:00:29 [pipeline] ──────── command pipeline start ────────
21:00:29 [pipeline] transcript: 'The hero heading should read Baked Before Sunrise' (lang=en)
21:00:29 [pipeline] GATE 0 (command) ok: 8 words
21:00:29 [pipeline] exec 12/33 select_icon:benefits#3 → heart (ok)
21:00:30 [pipeline] exec 13/35 select_icon:benefits#4 → calendar-clock (ok)
21:00:30 [pipeline] exec 13/33 select_icon:benefits#4 → gift (ok)
21:00:30 [pipeline] exec 14/33 assemble_section:benefits → GATE 3 ok (grid-cards)
21:00:31 [pipeline] exec 14/35 select_icon:benefits#5 → truck (ok)
21:00:31 [pipeline] exec 16/34 generate_copy:services → copy fields: ['type', 'heading', 'subhead', 'items']
21:00:31 [pipeline] exec 15/35 select_icon:benefits#6 → users (ok)
21:00:31 [pipeline] exec 16/35 assemble_section:benefits → GATE 3 ok (grid-cards)
21:00:31 [pipeline] exec 17/34 select_image:services → images attached
21:00:31 [pipeline] exec 18/34 assemble_section:services → GATE 3 ok (photo-cards)
21:00:32 [pipeline] exec 19/34 generate_copy:gallery → copy fields: ['type', 'heading', 'subhead']
21:00:32 [pipeline] exec 15/33 generate_copy:services → copy fields: ['type', 'heading', 'subhead', 'items']
21:00:32 [pipeline] exec 20/34 select_image:gallery → images attached
21:00:32 [pipeline] exec 21/34 assemble_section:gallery → GATE 3 ok (grid-three)
21:00:32 [pipeline] exec 16/33 select_image:services → images attached
21:00:32 [pipeline] exec 17/33 assemble_section:services → GATE 3 ok (photo-cards)
21:00:33 [pipeline] exec 15/33 generate_copy:services → copy fields: ['type', 'heading', 'subhead', 'items']
21:00:33 [pipeline] exec 16/33 select_image:services → images attached
21:00:33 [pipeline] exec 17/33 assemble_section:services → GATE 3 ok (photo-cards)
21:00:33 [pipeline] exec 09/30 generate_copy:benefits → copy fields: ['type', 'heading', 'items']
21:00:33 [pipeline]      plan refined: select_icon:benefits → 5 item operation(s)
21:00:34 [pipeline] exec 17/35 generate_copy:services → copy fields: ['type', 'heading', 'subhead', 'items']
21:00:34 [pipeline] exec 18/35 select_image:services → images attached
21:00:34 [pipeline] exec 19/35 assemble_section:services → GATE 3 ok (photo-cards)
21:00:34 [pipeline] exec 18/33 generate_copy:gallery → copy fields: ['type', 'heading', 'subhead']
21:00:34 [pipeline] exec 19/33 select_image:gallery → images attached
21:00:34 [pipeline] exec 20/33 assemble_section:gallery → GATE 3 ok (grid-three)
21:00:36 [pipeline] exec 22/34 generate_copy:testimonials → copy fields: ['type', 'heading', 'items']
21:00:36 [pipeline] exec 23/34 select_image:testimonials → images attached
21:00:36 [pipeline] exec 24/34 assemble_section:testimonials → GATE 3 ok (cards-grid)
21:00:36 [pipeline] exec 18/33 generate_copy:gallery → copy fields: ['type', 'heading', 'subhead']
21:00:36 [pipeline] exec 19/33 select_image:gallery → images attached
21:00:36 [pipeline] exec 20/33 assemble_section:gallery → GATE 3 ok (grid-three)
21:00:36 [pipeline] exec 20/35 generate_copy:gallery → copy fields: ['type', 'heading', 'subhead']
21:00:36 [pipeline] exec 21/35 select_image:gallery → images attached
21:00:36 [pipeline] exec 22/35 assemble_section:gallery → GATE 3 ok (masonry)
21:00:36 [pipeline] STEP 1 interpret → action='editContent'
21:00:36 [pipeline] GATE 1 (intent) ok: 'editContent' is allowed
21:00:36 [pipeline] ['editContent'] → Edited hero headline (v2)
21:00:37 [pipeline] ──────── command pipeline start ────────
21:00:37 [pipeline] transcript: 'Reword the hero headline as Baked Before Sunrise' (lang=en)
21:00:37 [pipeline] GATE 0 (command) ok: 8 words
21:00:37 [pipeline] interpret returned 'editContent' with no arguments, asking once more
21:00:38 [pipeline] exec 21/33 generate_copy:testimonials → copy fields: ['type', 'heading', 'items']
21:00:38 [pipeline] exec 22/33 select_image:testimonials → images attached
21:00:38 [pipeline] exec 23/33 assemble_section:testimonials → GATE 3 ok (cards-grid)
21:00:38 [pipeline] exec 23/35 generate_copy:testimonials → copy fields: ['type', 'heading', 'items']
21:00:38 [pipeline] exec 24/35 select_image:testimonials → images attached
21:00:38 [pipeline] exec 25/35 assemble_section:testimonials → GATE 3 ok (single-quote)
21:00:39 [pipeline] exec 26/35 generate_copy:promotion → copy fields: ['type', 'title', 'description', 'button']
21:00:39 [pipeline] exec 27/35 select_image:promotion → images attached
21:00:39 [pipeline] exec 28/35 assemble_section:promotion → GATE 3 ok (centered-band)
21:00:39 [pipeline] exec 25/34 generate_copy:promotion → copy fields: ['type', 'title', 'description', 'button']
21:00:39 [pipeline] exec 26/34 select_image:promotion → images attached
21:00:39 [pipeline] exec 27/34 assemble_section:promotion → GATE 3 ok (tinted-band)
21:00:39 [pipeline] exec 24/33 generate_copy:promotion → copy fields: ['type', 'title', 'description', 'button']
21:00:39 [pipeline] exec 25/33 select_image:promotion → images attached
21:00:39 [pipeline] exec 26/33 assemble_section:promotion → GATE 3 ok (tinted-band)
21:00:39 [pipeline] STEP 1 interpret → action='editContent'
21:00:39 [pipeline] GATE 1 (intent) ok: 'editContent' is allowed
21:00:39 [pipeline] ['editContent'] → Edited hero headline (v2)
21:00:40 [pipeline] ──────── command pipeline start ────────
21:00:40 [pipeline] transcript: 'Change the hero headline to Baked Before Sunrise' (lang=en)
21:00:40 [pipeline] GATE 0 (command) ok: 8 words
21:00:41 [pipeline] interpret returned 'editContent' with no arguments, asking once more
21:00:41 [pipeline] exec 10/34 select_icon:benefits#1 → timer (ok)
21:00:42 [pipeline] exec 11/34 select_icon:benefits#2 → croissant (ok)
21:00:42 [pipeline] STEP 1 interpret → action='editContent'
21:00:42 [pipeline] GATE 1 (intent) ok: 'editContent' is allowed
21:00:42 [pipeline] section not extracted → inferred 'hero' from the wording
21:00:42 [pipeline] field not extracted → inferred 'headline' from the wording
21:00:42 [pipeline] edit rejected: That part can't be empty -- remove the section instead.
21:00:42 [pipeline] ──────── command pipeline start ────────
21:00:42 [pipeline] transcript: 'Add a testimonials section' (lang=en)
21:00:42 [pipeline] GATE 0 (command) ok: 3 words
21:00:43 [pipeline] exec 12/34 select_icon:benefits#3 → cookie (ok)
21:00:43 [pipeline] exec 13/34 select_icon:benefits#4 → credit-card (ok)
21:00:44 [pipeline] exec 21/33 generate_copy:testimonials → copy fields: ['type', 'heading', 'items']
21:00:44 [pipeline] exec 22/33 select_image:testimonials → images attached
21:00:44 [pipeline] exec 23/33 assemble_section:testimonials → GATE 3 ok (single-quote)
21:00:44 [pipeline] exec 14/34 select_icon:benefits#5 → store (ok)
21:00:44 [pipeline] exec 15/34 assemble_section:benefits → GATE 3 ok (grid-cards)
21:00:45 [pipeline] exec 24/33 generate_copy:promotion → copy fields: ['type', 'title', 'description', 'button']
21:00:45 [pipeline] exec 25/33 select_image:promotion → images attached
21:00:45 [pipeline] exec 26/33 assemble_section:promotion → GATE 3 ok (centered-band)
21:00:45 [pipeline] STEP 1 interpret → action='addSection'
21:00:45 [pipeline] GATE 1 (intent) ok: 'addSection' is allowed
21:00:45 [pipeline] type not extracted → inferred 'testimonials' from the wording
21:00:46 [pipeline] exec 16/34 generate_copy:services → copy fields: ['type', 'heading', 'subhead', 'items']
21:00:46 [pipeline] exec 17/34 select_image:services → images attached
21:00:46 [pipeline] exec 18/34 assemble_section:services → GATE 3 ok (photo-cards)
21:00:50 [pipeline] exec 27/33 generate_copy:faq → copy fields: ['type', 'heading', 'items']
21:00:50 [pipeline] exec 28/33 select_image:faq → images attached
21:00:50 [pipeline] exec 29/33 assemble_section:faq → GATE 3 ok (accordion)
21:00:52 [pipeline] exec 30/33 generate_copy:contact → copy fields: ['type', 'heading', 'description', 'details', 'button']
21:00:52 [pipeline] exec 31/33 select_image:contact → images attached
21:00:52 [pipeline] exec 32/33 assemble_section:contact → GATE 3 ok (details-and-cta)
21:00:52 [pipeline] exec 33/33 assemble_page → GATE 2 ok
21:00:52 [pipeline] gates: intent=ok operations=ok theme=ok layout=ok schema=ok → page /maria-s-bakery (11 sections)
21:00:52 [pipeline] draft persisted /maria-s-bakery-2 as b0bdab487f8f4cb4 (unpublished)
21:00:52 [pipeline] ──────── pipeline done: VALID ────────
21:00:52 [pipeline] ['addSection'] → Added testimonials section (v2)
21:00:53 [pipeline] exec 19/34 generate_copy:gallery → copy fields: ['type', 'heading', 'subhead']
21:00:53 [pipeline] exec 20/34 select_image:gallery → images attached
21:00:53 [pipeline] exec 21/34 assemble_section:gallery → GATE 3 ok (grid-four)
21:00:53 [pipeline] ──────── command pipeline start ────────
21:00:53 [pipeline] transcript: "I'd like a section with customer reviews" (lang=en)
21:00:53 [pipeline] GATE 0 (command) ok: 5 words
21:00:53 [pipeline] ──────── command pipeline start ────────
21:00:53 [pipeline] transcript: 'Put some testimonials on the page' (lang=en)
21:00:53 [pipeline] GATE 0 (command) ok: 6 words
21:00:54 [pipeline] exec 29/35 generate_copy:faq → copy fields: ['type', 'heading', 'items']
21:00:54 [pipeline] exec 30/35 select_image:faq → images attached
21:00:54 [pipeline] exec 31/35 assemble_section:faq → GATE 3 ok (accordion-boxed)
21:00:54 [pipeline] STEP 1 interpret → action='addSection'
21:00:54 [pipeline] GATE 1 (intent) ok: 'addSection' is allowed
21:00:54 [pipeline] type not extracted → inferred 'testimonials' from the wording
21:00:55 [pipeline] exec 28/34 generate_copy:faq → copy fields: ['type', 'heading', 'items']
21:00:55 [pipeline] exec 29/34 select_image:faq → images attached
21:00:55 [pipeline] exec 30/34 assemble_section:faq → GATE 3 ok (accordion)
21:00:55 [pipeline] STEP 1 interpret → action='addSection'
21:00:55 [pipeline] GATE 1 (intent) ok: 'addSection' is allowed
21:00:55 [pipeline] exec 27/33 generate_copy:faq → copy fields: ['type', 'heading', 'items']
21:00:55 [pipeline] exec 28/33 select_image:faq → images attached
21:00:55 [pipeline] exec 29/33 assemble_section:faq → GATE 3 ok (accordion)
21:00:55 [pipeline] exec 32/35 generate_copy:contact → copy fields: ['type', 'heading', 'description', 'details', 'button']
21:00:56 [pipeline] exec 33/35 select_image:contact → images attached
21:00:56 [pipeline] exec 34/35 assemble_section:contact → GATE 3 ok (details-and-cta)
21:00:56 [pipeline] exec 35/35 assemble_page → GATE 2 ok
21:00:56 [pipeline] gates: intent=ok operations=ok theme=ok layout=ok schema=ok → page /maria-s-bakery (11 sections)
21:00:56 [pipeline] draft persisted /maria-s-bakery-2 as 43a7d1b3114b4301 (unpublished)
21:00:56 [pipeline] ──────── pipeline done: VALID ────────
21:00:56 [pipeline] ──────── command pipeline start ────────
21:00:56 [pipeline] transcript: 'Include a reviews section' (lang=en)
21:00:56 [pipeline] GATE 0 (command) ok: 3 words
21:00:57 [pipeline] STEP 1 interpret → action='addSection'
21:00:57 [pipeline] GATE 1 (intent) ok: 'addSection' is allowed
21:00:57 [pipeline] type not extracted → inferred 'testimonials' from the wording
21:00:57 [pipeline] exec 31/34 generate_copy:contact → copy fields: ['type', 'heading', 'description', 'details', 'button']
21:00:57 [pipeline] exec 32/34 select_image:contact → images attached
21:00:57 [pipeline] exec 33/34 assemble_section:contact → GATE 3 ok (details-and-cta)
21:00:57 [pipeline] exec 34/34 assemble_page → GATE 2 ok
21:00:57 [pipeline] gates: intent=ok operations=ok theme=ok layout=ok schema=ok → page /maria-s-bakery (11 sections)
21:00:57 [pipeline] draft persisted /maria-s-bakery-2 as 349647bc4a844a93 (unpublished)
21:00:57 [pipeline] ──────── pipeline done: VALID ────────
21:00:57 [pipeline] ──────── command pipeline start ────────
21:00:57 [pipeline] transcript: 'Add a testimonials section' (lang=en)
21:00:57 [pipeline] GATE 0 (command) ok: 3 words
21:00:58 [pipeline] exec 30/33 generate_copy:contact → copy fields: ['type', 'heading', 'description', 'details', 'button']
21:00:58 [pipeline] exec 31/33 select_image:contact → images attached
21:00:58 [pipeline] exec 32/33 assemble_section:contact → GATE 3 ok (details-and-cta)
21:00:58 [pipeline] exec 33/33 assemble_page → GATE 2 ok
21:00:58 [pipeline] gates: intent=ok operations=ok theme=ok layout=ok schema=ok → page /maria-s-bakery (11 sections)
21:00:58 [pipeline] draft persisted /maria-s-bakery-2 as db1a15c23dc14a87 (unpublished)
21:00:58 [pipeline] ──────── pipeline done: VALID ────────
21:00:58 [pipeline] ['addSection'] → Added testimonials section (v2)
21:00:58 [pipeline] ['addSection'] → Added testimonials section (v2)
21:00:59 [pipeline] ──────── command pipeline start ────────
21:00:59 [pipeline] transcript: 'Remove the FAQ section' (lang=en)
21:00:59 [pipeline] GATE 0 (command) ok: 4 words
21:00:59 [pipeline] STEP 1 interpret → action='addSection'
21:00:59 [pipeline] ──────── command pipeline start ────────
21:00:59 [pipeline] GATE 1 (intent) ok: 'addSection' is allowed
21:00:59 [pipeline] transcript: 'Delete the FAQ' (lang=en)
21:00:59 [pipeline] type not extracted → inferred 'testimonials' from the wording
21:00:59 [pipeline] GATE 0 (command) ok: 3 words
21:00:59 [pipeline] ──────── command pipeline start ────────
21:00:59 [pipeline] transcript: 'Take the questions section off the page' (lang=en)
21:00:59 [pipeline] GATE 0 (command) ok: 7 words
21:00:59 [pipeline] STEP 1 interpret → action='removeSection'
21:00:59 [pipeline] GATE 1 (intent) ok: 'removeSection' is allowed
21:00:59 [pipeline] ['removeSection'] → Removed faq section (v2)
21:00:59 [pipeline] interpret returned 'removeSection' with no arguments, asking once more
21:01:00 [pipeline] ──────── command pipeline start ────────
21:01:00 [pipeline] transcript: 'Get rid of the FAQ block' (lang=en)
21:01:00 [pipeline] GATE 0 (command) ok: 6 words
21:01:00 [pipeline] interpret returned 'removeSection' with no arguments, asking once more
21:01:00 [pipeline] ['addSection'] → Added testimonials section (v2)
21:01:00 [pipeline] ──────── command pipeline start ────────
21:01:00 [pipeline] transcript: 'Remove the FAQ section' (lang=en)
21:01:00 [pipeline] GATE 0 (command) ok: 4 words
21:01:01 [pipeline] STEP 1 interpret → action='removeSection'
21:01:01 [pipeline] GATE 1 (intent) ok: 'removeSection' is allowed
21:01:01 [pipeline] ['removeSection'] → Removed faq section (v2)
21:01:01 [pipeline] ──────── command pipeline start ────────
21:01:01 [pipeline] transcript: 'Make the page green and fresh' (lang=en)
21:01:01 [pipeline] GATE 0 (command) ok: 6 words
21:01:01 [pipeline] exec 22/34 generate_copy:testimonials → copy fields: ['type', 'heading', 'items']
21:01:01 [pipeline] exec 23/34 select_image:testimonials → images attached
21:01:01 [pipeline] exec 24/34 assemble_section:testimonials → GATE 3 ok (cards-grid)
21:01:02 [pipeline] exec 25/34 generate_copy:promotion → copy fields: ['type', 'title', 'description', 'button']
21:01:02 [pipeline] exec 26/34 select_image:promotion → images attached
21:01:02 [pipeline] exec 27/34 assemble_section:promotion → GATE 3 ok (centered-band)
21:01:02 [pipeline] STEP 1 interpret → action='removeSection'
21:01:02 [pipeline] GATE 1 (intent) ok: 'removeSection' is allowed
21:01:02 [pipeline] ['removeSection'] → Removed faq section (v2)
21:01:02 [pipeline] ──────── command pipeline start ────────
21:01:02 [pipeline] transcript: 'Give the page a fresh green look' (lang=en)
21:01:02 [pipeline] GATE 0 (command) ok: 6 words
21:01:02 [pipeline] STEP 1 interpret → action='removeSection'
21:01:02 [pipeline] GATE 1 (intent) ok: 'removeSection' is allowed
21:01:02 [pipeline] ['removeSection'] → Removed faq section (v2)
21:01:03 [pipeline] ──────── command pipeline start ────────
21:01:03 [pipeline] transcript: 'Use a green colour scheme for this page' (lang=en)
21:01:03 [pipeline] GATE 0 (command) ok: 7 words
21:01:03 [pipeline] STEP 1 interpret → action='setTheme'
21:01:03 [pipeline] GATE 1 (intent) ok: 'setTheme' is allowed
21:01:04 [pipeline] STEP 1 interpret → action='setTheme'
21:01:04 [pipeline] GATE 1 (intent) ok: 'setTheme' is allowed
21:01:05 [pipeline] STEP 1 interpret → action='removeSection'
21:01:05 [pipeline] GATE 1 (intent) ok: 'removeSection' is allowed
21:01:05 [pipeline] ['removeSection'] → Removed faq section (v2)
21:01:05 [pipeline] ──────── command pipeline start ────────
21:01:05 [pipeline] transcript: 'Change the colours to something green' (lang=en)
21:01:05 [pipeline] GATE 0 (command) ok: 6 words
21:01:07 [pipeline] STEP 1 interpret → action='setTheme'
21:01:07 [pipeline] GATE 1 (intent) ok: 'setTheme' is allowed
21:01:07 [pipeline] ['setTheme'] → Applied Golden Crust palette (v2)
21:01:07 [pipeline] ──────── command pipeline start ────────
21:01:07 [pipeline] transcript: 'Make the page green and fresh' (lang=en)
21:01:07 [pipeline] GATE 0 (command) ok: 6 words
21:01:08 [pipeline] ['addSection'] → Added testimonials section (v2)
21:01:08 [pipeline] STEP 1 interpret → action='setTheme'
21:01:08 [pipeline] GATE 1 (intent) ok: 'setTheme' is allowed
21:01:08 [pipeline] ──────── command pipeline start ────────
21:01:08 [pipeline] transcript: 'Swap the hero photo' (lang=en)
21:01:08 [pipeline] GATE 0 (command) ok: 4 words
21:01:09 [pipeline] STEP 1 interpret → action='setTheme'
21:01:09 [pipeline] GATE 1 (intent) ok: 'setTheme' is allowed
21:01:10 [pipeline] ['setTheme'] → Applied Fresh Herb palette (v2)
21:01:10 [pipeline] ──────── command pipeline start ────────
21:01:10 [pipeline] transcript: 'Change the picture in the hero' (lang=en)
21:01:10 [pipeline] GATE 0 (command) ok: 6 words
21:01:11 [pipeline] ['setTheme'] → Applied Honeyed Sage palette (v2)
21:01:11 [pipeline] ['setTheme'] → Applied Golden Crumb palette (v2)
21:01:11 [pipeline] STEP 1 interpret → action='replaceImage'
21:01:11 [pipeline] GATE 1 (intent) ok: 'replaceImage' is allowed
21:01:11 [pipeline] ['replaceImage'] → Replaced hero image (v2)
21:01:11 [pipeline] ──────── command pipeline start ────────
21:01:11 [pipeline] transcript: 'Use a different hero image' (lang=en)
21:01:11 [pipeline] GATE 0 (command) ok: 4 words
21:01:12 [pipeline] ──────── command pipeline start ────────
21:01:12 [pipeline] transcript: 'Put another photo on the banner' (lang=en)
21:01:12 [pipeline] GATE 0 (command) ok: 6 words
21:01:12 [pipeline] ──────── command pipeline start ────────
21:01:12 [pipeline] transcript: 'Swap the hero photo' (lang=en)
21:01:12 [pipeline] GATE 0 (command) ok: 4 words
21:01:12 [pipeline] STEP 1 interpret → action='replaceImage'
21:01:12 [pipeline] GATE 1 (intent) ok: 'replaceImage' is allowed
21:01:12 [pipeline] ['replaceImage'] → Replaced hero image (v2)
21:01:12 [pipeline] ──────── command pipeline start ────────
21:01:12 [pipeline] transcript: 'Show the hero full bleed' (lang=en)
21:01:12 [pipeline] GATE 0 (command) ok: 5 words
21:01:13 [pipeline] STEP 1 interpret → action='replaceImage'
21:01:13 [pipeline] GATE 1 (intent) ok: 'replaceImage' is allowed
21:01:13 [pipeline] ['replaceImage'] → Replaced hero image (v2)
21:01:13 [pipeline] ['setTheme'] → Applied Olive Bloom palette (v2)
21:01:13 [pipeline] ──────── command pipeline start ────────
21:01:13 [pipeline] transcript: 'Make the hero full-bleed' (lang=en)
21:01:13 [pipeline] GATE 0 (command) ok: 5 words
21:01:13 [pipeline] STEP 1 interpret → action='setVariant'
21:01:13 [pipeline] GATE 1 (intent) ok: 'setVariant' is allowed
21:01:13 [pipeline] ['setVariant'] → Changed hero layout to full-bleed (v2)
21:01:13 [pipeline] ──────── command pipeline start ────────
21:01:13 [pipeline] transcript: 'Switch the hero to the full-bleed layout' (lang=en)
21:01:13 [pipeline] GATE 0 (command) ok: 8 words
21:01:14 [pipeline] ──────── command pipeline start ────────
21:01:14 [pipeline] transcript: 'Try the full bleed layout on the hero' (lang=en)
21:01:14 [pipeline] GATE 0 (command) ok: 8 words
21:01:14 [pipeline] interpret returned 'setVariant' with no arguments, asking once more
21:01:14 [pipeline] STEP 1 interpret → action='replaceImage'
21:01:14 [pipeline] GATE 1 (intent) ok: 'replaceImage' is allowed
21:01:14 [pipeline] ['replaceImage'] → Replaced hero image (v2)
21:01:15 [pipeline] STEP 1 interpret → action='replaceImage'
21:01:15 [pipeline] GATE 1 (intent) ok: 'replaceImage' is allowed
21:01:15 [pipeline] ['replaceImage'] → Replaced hero image (v2)
21:01:15 [pipeline] ──────── command pipeline start ────────
21:01:15 [pipeline] transcript: 'Show the hero full bleed' (lang=en)
21:01:15 [pipeline] GATE 0 (command) ok: 5 words
21:01:15 [pipeline] ──────── command pipeline start ────────
21:01:15 [pipeline] transcript: 'Move the FAQ up' (lang=en)
21:01:15 [pipeline] GATE 0 (command) ok: 4 words
21:01:16 [pipeline] STEP 1 interpret → action='setVariant'
21:01:16 [pipeline] GATE 1 (intent) ok: 'setVariant' is allowed
21:01:16 [pipeline] ['setVariant'] → Changed hero layout to full-bleed (v2)
21:01:16 [pipeline] STEP 1 interpret → action='setVariant'
21:01:16 [pipeline] GATE 1 (intent) ok: 'setVariant' is allowed
21:01:16 [pipeline] ['setVariant'] → Changed hero layout to full-bleed (v2)
21:01:16 [pipeline] exec 28/34 generate_copy:faq → copy fields: ['type', 'heading', 'items']
21:01:16 [pipeline] exec 29/34 select_image:faq → images attached
21:01:16 [pipeline] exec 30/34 assemble_section:faq → GATE 3 ok (accordion-boxed)
21:01:16 [pipeline] ──────── command pipeline start ────────
21:01:16 [pipeline] transcript: 'Move the questions section up one' (lang=en)
21:01:16 [pipeline] GATE 0 (command) ok: 6 words
21:01:16 [pipeline] STEP 1 interpret → action='setVariant'
21:01:16 [pipeline] GATE 1 (intent) ok: 'setVariant' is allowed
21:01:16 [pipeline] ['setVariant'] → Changed hero layout to full-bleed (v2)
21:01:16 [pipeline] ──────── command pipeline start ────────
21:01:16 [pipeline] transcript: 'Shift the FAQ higher' (lang=en)
21:01:16 [pipeline] GATE 0 (command) ok: 4 words
21:01:17 [pipeline] ──────── command pipeline start ────────
21:01:17 [pipeline] transcript: 'FAQ one step up' (lang=en)
21:01:17 [pipeline] GATE 0 (command) ok: 4 words
21:01:17 [pipeline] interpret returned 'moveSection' with no arguments, asking once more
21:01:17 [pipeline] STEP 1 interpret → action='moveSection'
21:01:17 [pipeline] GATE 1 (intent) ok: 'moveSection' is allowed
21:01:17 [pipeline] ['moveSection'] → Moved faq section (v2)
21:01:18 [pipeline] ──────── command pipeline start ────────
21:01:18 [pipeline] transcript: 'Move the FAQ up' (lang=en)
21:01:18 [pipeline] GATE 0 (command) ok: 4 words
21:01:18 [pipeline] STEP 1 interpret → action='moveSection'
21:01:18 [pipeline] GATE 1 (intent) ok: 'moveSection' is allowed
21:01:18 [pipeline] ['moveSection'] → Moved faq section (v2)
21:01:18 [pipeline] STEP 1 interpret → action='moveItem'
21:01:18 [pipeline] GATE 1 (intent) ok: 'moveItem' is allowed
21:01:18 [pipeline] edit rejected: That question is already there.
21:01:18 [pipeline] exec 31/34 generate_copy:contact → copy fields: ['type', 'heading', 'description', 'details', 'button']
21:01:18 [pipeline] exec 32/34 select_image:contact → images attached
21:01:18 [pipeline] exec 33/34 assemble_section:contact → GATE 3 ok (details-and-cta)
21:01:18 [pipeline] exec 34/34 assemble_page → GATE 2 ok
21:01:18 [pipeline] gates: intent=ok operations=ok theme=ok layout=ok schema=ok → page /maria-s-bakery (11 sections)
21:01:18 [pipeline] draft persisted /maria-s-bakery-2 as c63f532e04364cea (unpublished)
21:01:18 [pipeline] ──────── pipeline done: VALID ────────
21:01:18 [pipeline] STEP 1 interpret → action='setVariant'
21:01:18 [pipeline] GATE 1 (intent) ok: 'setVariant' is allowed
21:01:18 [pipeline] ['setVariant'] → Changed hero layout to full-bleed (v2)
21:01:19 [pipeline] ──────── command pipeline start ────────
21:01:19 [pipeline] transcript: 'Add another benefit' (lang=en)
21:01:19 [pipeline] GATE 0 (command) ok: 3 words
21:01:19 [pipeline] ──────── command pipeline start ────────
21:01:19 [pipeline] transcript: 'Add one more benefit' (lang=en)
21:01:19 [pipeline] GATE 0 (command) ok: 4 words
21:01:19 [pipeline] ──────── command pipeline start ────────
21:01:19 [pipeline] transcript: 'Put a fourth benefit in' (lang=en)
21:01:19 [pipeline] GATE 0 (command) ok: 4 words
21:01:19 [pipeline] ──────── command pipeline start ────────
21:01:19 [pipeline] transcript: 'Another entry in the benefits list' (lang=en)
21:01:19 [pipeline] GATE 0 (command) ok: 6 words
21:01:19 [pipeline] STEP 1 interpret → action='addItem'
21:01:19 [pipeline] GATE 1 (intent) ok: 'addItem' is allowed
21:01:19 [pipeline] ['addItem'] → Added benefit 4 (v2)
21:01:19 [pipeline] STEP 1 interpret → action='moveSection'
21:01:19 [pipeline] STEP 1 interpret → action='moveSection'
21:01:19 [pipeline] GATE 1 (intent) ok: 'moveSection' is allowed
21:01:19 [pipeline] GATE 1 (intent) ok: 'moveSection' is allowed
21:01:19 [pipeline] ['moveSection'] → Moved faq section (v2)
21:01:19 [pipeline] ['moveSection'] → Moved faq section (v2)
21:01:19 [pipeline] ──────── command pipeline start ────────
21:01:19 [pipeline] transcript: 'Add another benefit' (lang=en)
21:01:19 [pipeline] GATE 0 (command) ok: 3 words
21:01:20 [pipeline] STEP 1 interpret → action='addItem'
21:01:20 [pipeline] GATE 1 (intent) ok: 'addItem' is allowed
21:01:20 [pipeline] ['addItem'] → Added benefit 4 (v2)
21:01:20 [pipeline] STEP 1 interpret → action='addItem'
21:01:20 [pipeline] GATE 1 (intent) ok: 'addItem' is allowed
21:01:20 [pipeline] ['addItem'] → Added benefit 4 (v2)
21:01:20 [pipeline] ──────── command pipeline start ────────
21:01:20 [pipeline] transcript: 'Remove the second question' (lang=en)
21:01:20 [pipeline] GATE 0 (command) ok: 4 words
21:01:20 [pipeline] ──────── command pipeline start ────────
21:01:20 [pipeline] transcript: 'Take out the second FAQ entry' (lang=en)
21:01:20 [pipeline] GATE 0 (command) ok: 6 words
21:01:20 [pipeline] STEP 1 interpret → action='addItem'
21:01:20 [pipeline] GATE 1 (intent) ok: 'addItem' is allowed
21:01:20 [pipeline] ['addItem'] → Added benefit 4 (v2)
21:01:21 [pipeline] ──────── command pipeline start ────────
21:01:21 [pipeline] transcript: 'Delete the second question in the FAQ' (lang=en)
21:01:21 [pipeline] GATE 0 (command) ok: 7 words
21:01:21 [pipeline] ──────── command pipeline start ────────
21:01:21 [pipeline] transcript: 'Drop question two' (lang=en)
21:01:21 [pipeline] GATE 0 (command) ok: 3 words
21:01:21 [pipeline] ──────── command pipeline start ────────
21:01:21 [pipeline] transcript: 'Remove the second question' (lang=en)
21:01:21 [pipeline] GATE 0 (command) ok: 4 words
21:01:21 [pipeline] STEP 1 interpret → action='removeItem'
21:01:21 [pipeline] GATE 1 (intent) ok: 'removeItem' is allowed
21:01:21 [pipeline] ['removeItem'] → Removed question 2 (v2)
21:01:21 [pipeline] STEP 1 interpret → action='removeItem'
21:01:21 [pipeline] GATE 1 (intent) ok: 'removeItem' is allowed
21:01:21 [pipeline] ['removeItem'] → Removed question 2 (v2)
21:01:21 [pipeline] STEP 1 interpret → action='removeItem'
21:01:21 [pipeline] GATE 1 (intent) ok: 'removeItem' is allowed
21:01:21 [pipeline] ['removeItem'] → Removed question 2 (v2)
21:01:21 [pipeline] ──────── command pipeline start ────────
21:01:21 [pipeline] transcript: 'Swap the first two steps' (lang=en)
21:01:21 [pipeline] GATE 0 (command) ok: 5 words
21:01:21 [pipeline] STEP 1 interpret → action='removeItem'
21:01:21 [pipeline] GATE 1 (intent) ok: 'removeItem' is allowed
21:01:21 [pipeline] ['removeItem'] → Removed question 2 (v2)
21:01:22 [pipeline] interpret returned 'removeItem' with no arguments, asking once more
21:01:22 [pipeline] ──────── command pipeline start ────────
21:01:22 [pipeline] transcript: 'Move the first step down one' (lang=en)
21:01:22 [pipeline] GATE 0 (command) ok: 6 words
21:01:22 [pipeline] ──────── command pipeline start ────────
21:01:22 [pipeline] transcript: 'Put Order online after We bake' (lang=en)
21:01:22 [pipeline] GATE 0 (command) ok: 6 words
21:01:22 [pipeline] ──────── command pipeline start ────────
21:01:22 [pipeline] transcript: 'The first step should be second' (lang=en)
21:01:22 [pipeline] GATE 0 (command) ok: 6 words
21:01:22 [pipeline] interpret returned 'moveItem' with no arguments, asking once more
21:01:22 [pipeline] STEP 1 interpret → action='moveItem'
21:01:22 [pipeline] GATE 1 (intent) ok: 'moveItem' is allowed
21:01:22 [pipeline] ['moveItem'] → Moved step 1 to 2 (v2)
21:01:23 [pipeline] interpret returned 'moveItem' with no arguments, asking once more
21:01:23 [pipeline] ──────── command pipeline start ────────
21:01:23 [pipeline] transcript: 'Swap the first two steps' (lang=en)
21:01:23 [pipeline] GATE 0 (command) ok: 5 words
21:01:23 [pipeline] STEP 1 interpret → action='addItem'
21:01:23 [pipeline] GATE 1 (intent) ok: 'addItem' is allowed
21:01:23 [pipeline] ['addItem'] → Added benefit 4 (v2)
21:01:23 [pipeline] interpret returned 'moveItem' with no arguments, asking once more
21:01:23 [pipeline] STEP 1 interpret → action='removeItem'
21:01:23 [pipeline] GATE 1 (intent) ok: 'removeItem' is allowed
21:01:23 [pipeline] section not extracted → inferred 'faq' from the wording
21:01:23 [pipeline] path not extracted → inferred 'items.1' from the wording
21:01:23 [pipeline] ['removeItem'] → Removed question 2 (v2)
21:01:23 [pipeline] ──────── command pipeline start ────────
21:01:23 [pipeline] transcript: 'Use a star icon for the first benefit' (lang=en)
21:01:23 [pipeline] GATE 0 (command) ok: 7 words
21:01:23 [pipeline] ──────── command pipeline start ────────
21:01:23 [pipeline] transcript: "Change the first benefit's icon to a star" (lang=en)
21:01:23 [pipeline] GATE 0 (command) ok: 7 words
21:01:24 [pipeline] interpret returned 'moveItem' with no arguments, asking once more
21:01:24 [pipeline] STEP 1 interpret → action='moveItem'
21:01:24 [pipeline] GATE 1 (intent) ok: 'moveItem' is allowed
21:01:24 [pipeline] ['moveItem'] → Moved step 1 to 2 (v2)
21:01:24 [pipeline] interpret returned 'setIcon' with no arguments, asking once more
21:01:24 [pipeline] interpret returned 'setIcon' with no arguments, asking once more
21:01:24 [pipeline] ──────── command pipeline start ────────
21:01:24 [pipeline] transcript: 'Put a star on the first benefit' (lang=en)
21:01:24 [pipeline] GATE 0 (command) ok: 6 words
21:01:25 [pipeline] STEP 1 interpret → action='moveItem'
21:01:25 [pipeline] GATE 1 (intent) ok: 'moveItem' is allowed
21:01:25 [pipeline] ['moveItem'] → Moved step 1 to 2 (v2)
21:01:25 [pipeline] STEP 1 interpret → action='setIcon'
21:01:25 [pipeline] GATE 1 (intent) ok: 'setIcon' is allowed
21:01:25 [pipeline] section not extracted → inferred 'benefits' from the wording
21:01:25 [pipeline] path not extracted → inferred 'items.0' from the wording
21:01:25 [pipeline] icon not extracted → inferred 'star' from the wording
21:01:25 [pipeline] ['setIcon'] → Replaced benefits items 0 icon (v2)
21:01:25 [pipeline] ──────── command pipeline start ────────
21:01:25 [pipeline] transcript: 'The first benefit should have a star icon' (lang=en)
21:01:25 [pipeline] GATE 0 (command) ok: 7 words
21:01:25 [pipeline] interpret returned 'setIcon' with no arguments, asking once more
21:01:25 [pipeline] ──────── command pipeline start ────────
21:01:25 [pipeline] transcript: 'Use a star icon for the first benefit' (lang=en)
21:01:25 [pipeline] GATE 0 (command) ok: 7 words
21:01:26 [pipeline] STEP 1 interpret → action='setIcon'
21:01:26 [pipeline] GATE 1 (intent) ok: 'setIcon' is allowed
21:01:26 [pipeline] ['setIcon'] → Replaced benefits items 0 icon (v2)
21:01:26 [pipeline] ──────── command pipeline start ────────
21:01:26 [pipeline] transcript: 'Make these reviews sound more real' (lang=en)
21:01:26 [pipeline] GATE 0 (command) ok: 6 words
21:01:26 [pipeline] interpret returned 'setIcon' with no arguments, asking once more
21:01:27 [pipeline] STEP 1 interpret → action='setIcon'
21:01:27 [pipeline] GATE 1 (intent) ok: 'setIcon' is allowed
21:01:27 [pipeline] ['setIcon'] → Replaced benefits items 0 icon (v2)
21:01:27 [pipeline] STEP 1 interpret → action='regenerateSection'
21:01:27 [pipeline] GATE 1 (intent) ok: 'regenerateSection' is allowed
21:01:27 [pipeline] STEP 1 interpret → action='moveItem'
21:01:27 [pipeline] GATE 1 (intent) ok: 'moveItem' is allowed
21:01:27 [pipeline] ['moveItem'] → Moved step 1 to 2 (v2)
21:01:27 [pipeline] ──────── command pipeline start ────────
21:01:27 [pipeline] transcript: 'Generate real reviews here' (lang=en)
21:01:27 [pipeline] GATE 0 (command) ok: 4 words
21:01:27 [pipeline] STEP 1 interpret → action='setIcon'
21:01:27 [pipeline] GATE 1 (intent) ok: 'setIcon' is allowed
21:01:27 [pipeline] ['setIcon'] → Replaced benefits items 0 icon (v2)
21:01:27 [pipeline] ──────── command pipeline start ────────
21:01:27 [pipeline] transcript: 'Can you change the reviews in this section to be more real' (lang=en)
21:01:27 [pipeline] GATE 0 (command) ok: 12 words
21:01:28 [pipeline] ──────── command pipeline start ────────
21:01:28 [pipeline] transcript: 'Rewrite the reviews so they feel more real' (lang=en)
21:01:28 [pipeline] GATE 0 (command) ok: 8 words
21:01:28 [pipeline] STEP 1 interpret → action='setIcon'
21:01:28 [pipeline] GATE 1 (intent) ok: 'setIcon' is allowed
21:01:28 [pipeline] section not extracted → inferred 'benefits' from the wording
21:01:28 [pipeline] path not extracted → inferred 'items.0' from the wording
21:01:28 [pipeline] icon not extracted → inferred 'star' from the wording
21:01:28 [pipeline] ['setIcon'] → Replaced benefits items 0 icon (v2)
21:01:28 [pipeline] ──────── command pipeline start ────────
21:01:28 [pipeline] transcript: 'Make these reviews sound more real' (lang=en)
21:01:28 [pipeline] GATE 0 (command) ok: 6 words
21:01:28 [pipeline] STEP 1 interpret → action='regenerateSection'
21:01:28 [pipeline] GATE 1 (intent) ok: 'regenerateSection' is allowed
21:01:28 [pipeline] interpret returned 'regenerateSection' with no arguments, asking once more
21:01:28 [pipeline] STEP 1 interpret → action='regenerateSection'
21:01:28 [pipeline] GATE 1 (intent) ok: 'regenerateSection' is allowed
21:01:29 [pipeline] STEP 1 interpret → action='regenerateSection'
21:01:29 [pipeline] GATE 1 (intent) ok: 'regenerateSection' is allowed
21:01:30 [pipeline] STEP 1 interpret → action='regenerateSection'
21:01:30 [pipeline] GATE 1 (intent) ok: 'regenerateSection' is allowed
21:01:31 [pipeline] ['regenerateSection'] → Rewrote every testimonial in testimonials (v2)
21:01:31 [pipeline] ['regenerateSection'] → Rewrote every testimonial in testimonials (v2)
21:01:33 [pipeline] ['regenerateSection'] → Rewrote every testimonial in testimonials (v2)
21:01:37 [pipeline] ['regenerateSection'] → Rewrote testimonials (v2)
21:01:37 [pipeline] STEP 1 interpret → action='moveItem'
21:01:37 [pipeline] GATE 1 (intent) ok: 'moveItem' is allowed
21:01:37 [pipeline] ['moveItem'] → Moved step 1 to 2 (v2)
21:01:38 [pipeline] ['regenerateSection'] → Rewrote every testimonial in testimonials (v2)
[32mPASS[0m  create_page_default [2m(outcome)[0m
[32mPASS[0m  create_page_named_sections [2m(outcome)[0m
[31mFAIL[0m  create_page_promotion_cue [2m(outcome)[0m
      [31massertion failed[0m
[32mPASS[0m  create_page_collision [2m(outcome)[0m
[32mPASS[0m  reject_unsupported_intent [2m(outcome)[0m
[32mPASS[0m  reject_unclear_command [2m(outcome)[0m
[31mFAIL[0m  edit_headline [2m(outcome)[0m
      [31m["pages//maria-s-bakery.section_heads: expected 'hero:Baked Before Sunrise;faq:Questions', got 'hero:Fresh bread daily;faq:Questions'"][0m
[32mPASS[0m  add_section [2m(outcome)[0m
[32mPASS[0m  remove_section [2m(outcome)[0m
[32mPASS[0m  set_theme [2m(outcome)[0m
[32mPASS[0m  replace_image [2m(outcome)[0m
[32mPASS[0m  set_variant [2m(outcome)[0m
[31mFAIL[0m  move_section [2m(outcome)[0m
      [31m["pages//maria-s-bakery.section_variants: expected 'hero:-,benefits:-,process:-,faq:-,testimonials:-', got 'hero:-,benefits:-,process:-,testimonials:-[0m
[32mPASS[0m  add_item [2m(outcome)[0m
[32mPASS[0m  remove_item [2m(outcome)[0m
[32mPASS[0m  move_item [2m(outcome)[0m
[32mPASS[0m  set_icon [2m(outcome)[0m
[31mFAIL[0m  rewrite_reviews [2m(outcome)[0m
      [31m["pages//maria-s-bakery.section_variants: expected 'hero:-,benefits:-,process:-,testimonials:-,faq:-', got 'hero:-,benefits:-,process:-,testimonials:b[0m
[32mPASS[0m  create_page_default [2m(path)[0m
[32mPASS[0m  create_page_collision [2m(path)[0m
[32mPASS[0m  create_page_named_sections [2m(path)[0m
[32mPASS[0m  create_page_promotion_cue [2m(path)[0m
[32mPASS[0m  reject_unsupported_intent [2m(path)[0m
[32mPASS[0m  reject_unclear_command [2m(path)[0m
[31mFAIL[0m  edit_headline [2m(path)[0m
      [31mmissing operations: ['assemble_page', 'edit_content', 'save_draft'][0m
[32mPASS[0m  set_theme [2m(path)[0m
[32mPASS[0m  add_section [2m(path)[0m
[32mPASS[0m  remove_section [2m(path)[0m
[32mPASS[0m  replace_image [2m(path)[0m
[32mPASS[0m  set_variant [2m(path)[0m
[31mFAIL[0m  move_section [2m(path)[0m
      [31mmissing operations: ['assemble_page', 'move_section', 'save_draft'][0m
[32mPASS[0m  add_item [2m(path)[0m
[32mPASS[0m  remove_item [2m(path)[0m
[32mPASS[0m  move_item [2m(path)[0m
[32mPASS[0m  set_icon [2m(path)[0m
[32mPASS[0m  rewrite_reviews [2m(path)[0m
[32mPASS[0m  create_page_default [2m(component)[0m
21:02:21 [pipeline] interpret returned 'createPage' with no arguments, asking once more
[32mPASS[0m  create_page_named_sections [2m(component)[0m
21:02:33 [pipeline] interpret returned 'createPage' with no arguments, asking once more
[32mPASS[0m  create_page_promotion_cue [2m(component)[0m
21:02:47 [pipeline] interpret returned 'createPage' with no arguments, asking once more
[32mPASS[0m  create_page_collision [2m(component)[0m
[32mPASS[0m  reject_unsupported_intent [2m(component)[0m
[32mPASS[0m  reject_unclear_command [2m(component)[0m
21:03:06 [pipeline] interpret returned 'createPage' with no arguments, asking once more
21:03:08 [pipeline] interpret returned 'createPage' with no arguments, asking once more
21:03:09 [pipeline] interpret returned 'createPage' with no arguments, asking once more
21:03:23 [pipeline] interpret returned 'editContent' with no arguments, asking once more
21:03:25 [pipeline] interpret returned 'createPage' with no arguments, asking once more
21:03:25 [pipeline] interpret returned 'createPage' with no arguments, asking once more
21:03:26 [pipeline] interpret returned 'replaceImage' with no arguments, asking once more
21:03:27 [pipeline] interpret returned 'replaceImage' with no arguments, asking once more
21:03:29 [pipeline] interpret returned 'createPage' with no arguments, asking once more
21:03:29 [pipeline] interpret returned 'replaceImage' with no arguments, asking once more
21:03:34 [pipeline] interpret returned 'removeSection' with no arguments, asking once more
21:03:36 [pipeline] interpret returned 'removeSection' with no arguments, asking once more
21:03:37 [pipeline] interpret returned 'removeSection' with no arguments, asking once more
21:03:43 [pipeline] interpret returned 'regenerateSection' with no arguments, asking once more
21:03:43 [pipeline] interpret returned 'regenerateSection' with no arguments, asking once more
21:03:44 [pipeline] interpret returned 'regenerateSection' with no arguments, asking once more
21:03:49 [pipeline] interpret returned 'editContent' with no arguments, asking once more
21:03:51 [pipeline] interpret returned 'regenerateSection' with no arguments, asking once more
21:03:53 [pipeline] interpret returned 'moveSection' with no arguments, asking once more
21:03:54 [pipeline] interpret returned 'moveSection' with no arguments, asking once more
21:03:55 [pipeline] LLM output invalid for Interpretation, retrying: model returned non-JSON: '{"intent":"createPage","missing":["goal","tone","sections","business","audience","goal","tone","sections","business","audience","goal","tone","sections","business","audience","goal","tone","sections",'
21:04:01 [pipeline] interpret returned 'addItem' with no arguments, asking once more
21:04:04 [pipeline] interpret returned 'removeItem' with no arguments, asking once more
21:04:04 [pipeline] interpret returned 'removeItem' with no arguments, asking once more
21:04:08 [pipeline] interpret returned 'moveItem' with no arguments, asking once more
21:04:09 [pipeline] interpret returned 'moveItem' with no arguments, asking once more
21:04:10 [pipeline] interpret returned 'setIcon' with no arguments, asking once more
21:04:13 [pipeline] interpret returned 'setIcon' with no arguments, asking once more
21:04:15 [pipeline] interpret returned 'setIcon' with no arguments, asking once more
[32mPASS[0m  intent_classification [2m(component)[0m
[32mPASS[0m  brief_slots [2m(component)[0m
[32mPASS[0m  section_planning [2m(component)[0m
[32mPASS[0m  image_recall_at_5 [2m(component)[0m
[32mPASS[0m  image_recall_at_1 [2m(component)[0m
21:04:31 [pipeline] interpret returned 'editContent' with no arguments, asking once more
21:04:39 [pipeline] interpret returned 'editContent' with no arguments, asking once more
[31mFAIL[0m  edit_headline [2m(component)[0m
      [31m["slot section: expected 'hero', got None for 'Change the hero headline to Baked Before'", "slot field: expected 'title', got None for 'Change the her[0m
[31mFAIL[0m  set_theme [2m(component)[0m
      [31m["slot style: expected 'green', got None for 'Make the page green and fresh'", "slot style: expected 'green', got None for 'Give the page a fresh gree[0m
21:05:11 [pipeline] LLM output invalid for Interpretation, retrying: 1 validation error for Interpretation
missing.627
  Input should be a valid string [type=string_type, input_value=None, input_type=NoneType]
    For further information visit https://errors.pydantic.dev/2.13/v/string_type
[31mFAIL[0m  add_section [2m(component)[0m
      [31m["slot type: expected 'testimonials', got None for 'Add a testimonials section'", "slot type: expected 'testimonials', got None for 'Include a reviews[0m
21:05:18 [pipeline] interpret returned 'removeSection' with no arguments, asking once more
21:05:20 [pipeline] interpret returned 'removeSection' with no arguments, asking once more
[32mPASS[0m  remove_section [2m(component)[0m
[32mPASS[0m  replace_image [2m(component)[0m
21:05:42 [pipeline] interpret returned 'setVariant' with no arguments, asking once more
[32mPASS[0m  set_variant [2m(component)[0m
21:05:47 [pipeline] interpret returned 'moveSection' with no arguments, asking once more
[32mPASS[0m  move_section [2m(component)[0m
[32mPASS[0m  add_item [2m(component)[0m
21:06:03 [pipeline] interpret returned 'removeItem' with no arguments, asking once more
[32mPASS[0m  remove_item [2m(component)[0m
21:06:05 [pipeline] interpret returned 'moveItem' with no arguments, asking once more
21:06:07 [pipeline] interpret returned 'moveItem' with no arguments, asking once more
21:06:12 [pipeline] interpret returned 'moveItem' with no arguments, asking once more
[32mPASS[0m  move_item [2m(component)[0m
21:06:14 [pipeline] interpret returned 'setIcon' with no arguments, asking once more
21:06:16 [pipeline] interpret returned 'setIcon' with no arguments, asking once more
21:06:20 [pipeline] interpret returned 'setIcon' with no arguments, asking once more
[32mPASS[0m  set_icon [2m(component)[0m
21:06:25 [pipeline] interpret returned 'regenerateSection' with no arguments, asking once more
[32mPASS[0m  rewrite_reviews [2m(component)[0m
21:06:35 [pipeline] interpret returned 'editContent' with no arguments, asking once more
[32mPASS[0m  edit_slots [2m(component)[0m
21:06:38 [pipeline] interpret returned 'regenerateSection' with no arguments, asking once more
21:06:39 [pipeline] interpret returned 'regenerateSection' with no arguments, asking once more
[32mPASS[0m  rewrite_slots [2m(component)[0m
21:06:43 [pipeline] interpret returned 'moveSection' with no arguments, asking once more
21:06:43 [pipeline] interpret returned 'removeItem' with no arguments, asking once more
21:06:44 [pipeline] interpret returned 'setIcon' with no arguments, asking once more
21:06:44 [pipeline] interpret returned 'moveItem' with no arguments, asking once more
[32mPASS[0m  structure_slots [2m(component)[0m

==============================================================================
THREE-LEVEL SUITE -- deepseek/deepseek-v4-flash-0731   90 episodes   495.5s
==============================================================================
                                    scope      Outcome                         Path                                      Component                
  case                            n     runs    pass^5   node F1   edge F1    order    redund.    policy    intent    slots    sections   image   
--------------------------------------------------------------------------------------------------------------------------------------------------
  create_page_default             4     5/5   [48;2;33;150;90m[97m   1.00  [0m [48;2;68;149;78m[97m   0.91  [0m [48;2;89;149;71m[97m   0.86  [0m [48;2;33;150;90m[97m   1.00  [0m [48;2;33;150;90m[97m   0.00  [0m [48;2;33;150;90m[97m   1.00  [0m [48;2;33;150;90m[97m   1.00  [0m [48;2;33;150;90m[97m   1.00  [0m [48;2;33;150;90m[97m   1.00  [0m [48;2;33;150;90m[97m   1.00  [0m 
  create_page_named_sections      4     5/5   [48;2;33;150;90m[97m   1.00  [0m [48;2;72;149;77m[97m   0.90  [0m [48;2;219;128;28m[97m   0.45  [0m [48;2;33;150;90m[97m   1.00  [0m [48;2;33;150;90m[97m   0.00  [0m [48;2;33;150;90m[97m   1.00  [0m [48;2;33;150;90m[97m   1.00  [0m [48;2;33;150;90m[97m   1.00  [0m [48;2;33;150;90m[97m   1.00  [0m [48;2;133;148;56m[97m   0.75  [0m 
✗ create_page_promotion_cue       4     3/5   [48;2;192;57;43m[97m   0.00  [0m [48;2;72;149;77m[97m   0.90  [0m [48;2;213;134;28m[97m   0.50  [0m [48;2;33;150;90m[97m   1.00  [0m [48;2;33;150;90m[97m   0.00  [0m [48;2;33;150;90m[97m   1.00  [0m [48;2;33;150;90m[97m   1.00  [0m [48;2;33;150;90m[97m   1.00  [0m [48;2;33;150;90m[97m   1.00  [0m [48;2;33;150;90m[97m   1.00  [0m 
  create_page_collision           3     5/5   [48;2;33;150;90m[97m   1.00  [0m [48;2;202;148;30m[97m   0.59  [0m [48;2;228;107;28m[97m   0.32  [0m [48;2;33;150;90m[97m   1.00  [0m [48;2;33;150;90m[97m   0.00  [0m [48;2;33;150;90m[97m   1.00  [0m [48;2;33;150;90m[97m   1.00  [0m [48;2;33;150;90m[97m   1.00  [0m     --    [48;2;33;150;90m[97m   1.00  [0m 
  reject_unsupported_intent       4     5/5   [48;2;33;150;90m[97m   1.00  [0m [48;2;33;150;90m[97m   1.00  [0m [48;2;33;150;90m[97m   1.00  [0m [48;2;33;150;90m[97m   1.00  [0m [48;2;33;150;90m[97m   0.00  [0m [48;2;33;150;90m[97m   1.00  [0m [48;2;33;150;90m[97m   1.00  [0m     --        --        --    
  reject_unclear_command          4     5/5   [48;2;33;150;90m[97m   1.00  [0m [48;2;33;150;90m[97m   1.00  [0m [48;2;33;150;90m[97m   1.00  [0m [48;2;33;150;90m[97m   1.00  [0m [48;2;33;150;90m[97m   0.00  [0m [48;2;33;150;90m[97m   1.00  [0m [48;2;33;150;90m[97m   1.00  [0m     --        --        --    
✗ edit_headline                   4     3/5   [48;2;192;57;43m[97m   0.00  [0m [48;2;100;148;68m[97m   0.83  [0m [48;2;200;150;30m[97m   0.60  [0m [48;2;200;150;30m[97m   0.60  [0m [48;2;33;150;90m[97m   0.00  [0m [48;2;33;150;90m[97m   1.00  [0m [48;2;33;150;90m[97m   1.00  [0m [48;2;133;148;56m[97m   0.75  [0m     --        --    
✗ add_section                     4     5/5   [48;2;33;150;90m[97m   1.00  [0m [48;2;59;149;81m[97m   0.93  [0m [48;2;217;130;28m[97m   0.47  [0m [48;2;33;150;90m[97m   1.00  [0m [48;2;33;150;90m[97m   0.00  [0m [48;2;33;150;90m[97m   1.00  [0m [48;2;33;150;90m[97m   1.00  [0m [48;2;213;135;28m[97m   0.50  [0m     --        --    
  remove_section                  4     5/5   [48;2;33;150;90m[97m   1.00  [0m [48;2;33;150;90m[97m   1.00  [0m [48;2;33;150;90m[97m   1.00  [0m [48;2;33;150;90m[97m   1.00  [0m [48;2;33;150;90m[97m   0.00  [0m [48;2;33;150;90m[97m   1.00  [0m [48;2;33;150;90m[97m   1.00  [0m [48;2;33;150;90m[97m   1.00  [0m     --        --    
✗ set_theme                       4     5/5   [48;2;33;150;90m[97m   1.00  [0m [48;2;33;150;90m[97m   1.00  [0m [48;2;111;148;64m[97m   0.80  [0m [48;2;33;150;90m[97m   1.00  [0m [48;2;33;150;90m[97m   0.00  [0m [48;2;33;150;90m[97m   1.00  [0m [48;2;33;150;90m[97m   1.00  [0m [48;2;213;135;28m[97m   0.50  [0m     --        --    
  replace_image                   4     5/5   [48;2;33;150;90m[97m   1.00  [0m [48;2;33;150;90m[97m   1.00  [0m [48;2;33;150;90m[97m   1.00  [0m [48;2;33;150;90m[97m   1.00  [0m [48;2;33;150;90m[97m   0.00  [0m [48;2;33;150;90m[97m   1.00  [0m [48;2;33;150;90m[97m   1.00  [0m [48;2;33;150;90m[97m   1.00  [0m     --        --    
  set_variant                     4     5/5   [48;2;33;150;90m[97m   1.00  [0m [48;2;33;150;90m[97m   1.00  [0m [48;2;33;150;90m[97m   1.00  [0m [48;2;33;150;90m[97m   1.00  [0m [48;2;33;150;90m[97m   0.00  [0m [48;2;33;150;90m[97m   1.00  [0m [48;2;33;150;90m[97m   1.00  [0m [48;2;33;150;90m[97m   1.00  [0m     --        --    
✗ move_section                    4     4/5   [48;2;192;57;43m[97m   0.00  [0m [48;2;66;149;79m[97m   0.91  [0m [48;2;111;148;64m[97m   0.80  [0m [48;2;111;148;64m[97m   0.80  [0m [48;2;33;150;90m[97m   0.00  [0m [48;2;33;150;90m[97m   1.00  [0m [48;2;33;150;90m[97m   1.00  [0m [48;2;33;150;90m[97m   1.00  [0m     --        --    
  add_item                        4     5/5   [48;2;33;150;90m[97m   1.00  [0m [48;2;33;150;90m[97m   1.00  [0m [48;2;33;150;90m[97m   1.00  [0m [48;2;33;150;90m[97m   1.00  [0m [48;2;33;150;90m[97m   0.00  [0m [48;2;33;150;90m[97m   1.00  [0m [48;2;33;150;90m[97m   1.00  [0m [48;2;33;150;90m[97m   1.00  [0m     --        --    
  remove_item                     4     5/5   [48;2;33;150;90m[97m   1.00  [0m [48;2;33;150;90m[97m   1.00  [0m [48;2;59;149;81m[97m   0.93  [0m [48;2;33;150;90m[97m   1.00  [0m [48;2;33;150;90m[97m   0.00  [0m [48;2;33;150;90m[97m   1.00  [0m [48;2;33;150;90m[97m   1.00  [0m [48;2;133;148;56m[97m   0.75  [0m     --        --    
  move_item                       4     5/5   [48;2;33;150;90m[97m   1.00  [0m [48;2;33;150;90m[97m   1.00  [0m [48;2;33;150;90m[97m   1.00  [0m [48;2;33;150;90m[97m   1.00  [0m [48;2;33;150;90m[97m   0.00  [0m [48;2;33;150;90m[97m   1.00  [0m [48;2;33;150;90m[97m   1.00  [0m [48;2;33;150;90m[97m   1.00  [0m     --        --    
  set_icon                        4     5/5   [48;2;33;150;90m[97m   1.00  [0m [48;2;33;150;90m[97m   1.00  [0m [48;2;129;148;57m[97m   0.76  [0m [48;2;33;150;90m[97m   1.00  [0m [48;2;33;150;90m[97m   0.00  [0m [48;2;33;150;90m[97m   1.00  [0m [48;2;33;150;90m[97m   1.00  [0m [48;2;133;148;56m[97m   0.75  [0m     --        --    
✗ rewrite_reviews                 4     4/5   [48;2;192;57;43m[97m   0.00  [0m [48;2;59;149;81m[97m   0.93  [0m [48;2;33;150;90m[97m   1.00  [0m [48;2;33;150;90m[97m   1.00  [0m [48;2;33;150;90m[97m   0.00  [0m [48;2;33;150;90m[97m   1.00  [0m [48;2;33;150;90m[97m   1.00  [0m [48;2;98;148;68m[97m   0.83  [0m     --        --    
  intent_classification          173     --       --        --        --        --        --        --    [48;2;44;150;86m[97m   0.97  [0m     --        --        --    
  brief_slots                     10     --       --        --        --        --        --        --        --    [48;2;33;150;90m[97m   1.00  [0m     --        --    
  section_planning                9      --       --        --        --        --        --        --    [48;2;82;149;74m[97m   0.88  [0m     --        --        --    
  image_recall_at_5               30     --       --        --        --        --        --        --        --        --        --    [48;2;72;149;77m[97m   0.90  [0m 
  image_recall_at_1               30     --       --        --        --        --        --        --        --        --        --    [48;2;126;148;58m[97m   0.77  [0m 
  edit_slots                      10     --       --        --        --        --        --        --        --    [48;2;72;149;77m[97m   0.90  [0m     --        --    
  rewrite_slots                   10     --       --        --        --        --        --        --        --    [48;2;82;149;74m[97m   0.88  [0m     --        --    
  structure_slots                 10     --       --        --        --        --        --        --        --    [48;2;104;148;66m[97m   0.82  [0m     --        --    

53 passed, 9 failed   (26 cases)

FAILURES
------------------------------------------------------------------------------
create_page_promotion_cue (outcome): assertion failed
    pages//greenleaf-yoga-studio.section_types: expected 'header,hero,promotion,footer', got 'header,hero,promotion,faq,footer'
    pages//greenleaf-yoga-studio.n_sections: expected 4, got 5
edit_headline (outcome): ["pages//maria-s-bakery.section_heads: expected 'hero:Baked Before Sunrise;faq:Questions', got 'hero:Fresh bread daily;faq:Questions'"]
    pages//maria-s-bakery.section_heads: expected 'hero:Baked Before Sunrise;faq:Questions', got 'hero:Fresh bread daily;faq:Questions'
move_section (outcome): ["pages//maria-s-bakery.section_variants: expected 'hero:-,benefits:-,process:-,faq:-,testimonials:-', got 'hero:-,benefits:-,process:-,testimonials:-,faq:-'", "pages//maria-s-bakery.item_counts: expected 'benefits:3,process:3,faq:2,testimonials:1', got 'benefits:3,process:3,testimonials:1,faq:2'", "pages//maria-s-bakery.item_heads: expected 'benefits:Baked at dawn|Local flour|Made to order;process:Order online|We bake|Collect or deliver;faq:Do you deliver?|Gluten free?;testimonials:Dana', got 'benefits:Baked at dawn|Local flour|Made to order;process:Order online|We bake|Collect or deliver;testimonials:Dana;faq:Do you deliver?|Gluten free?'", 'pages//maria-s-bakery.section_heads: expected "hero:Fresh bread daily;benefits:Why Maria\'s;process:How it works;faq:Questions;testimonials:What people say", got "hero:Fresh bread daily;benefits:Why Maria\'s;process:How it works;testimonials:What people say;faq:Questions"', "pages//maria-s-bakery.section_types: expected 'hero,benefits,process,faq,testimonials', got 'hero,benefits,process,testimonials,faq'"]
    pages//maria-s-bakery.section_variants: expected 'hero:-,benefits:-,process:-,faq:-,testimonials:-', got 'hero:-,benefits:-,process:-,testimonials:-,faq:-'
    pages//maria-s-bakery.item_counts: expected 'benefits:3,process:3,faq:2,testimonials:1', got 'benefits:3,process:3,testimonials:1,faq:2'
    pages//maria-s-bakery.item_heads: expected 'benefits:Baked at dawn|Local flour|Made to order;process:Order online|We bake|Collect or deliver;faq:Do you deliver?|Gluten free?;testimonials:Dana', got 'benefits:Baked at dawn|Local flour|Made to order;process:Order online|We bake|Collect or deliver;testimonials:Dana;faq:Do you deliver?|Gluten free?'
    pages//maria-s-bakery.section_heads: expected "hero:Fresh bread daily;benefits:Why Maria's;process:How it works;faq:Questions;testimonials:What people say", got "hero:Fresh bread daily;benefits:Why Maria's;process:How it works;testimonials:What people say;faq:Questions"
rewrite_reviews (outcome): ["pages//maria-s-bakery.section_variants: expected 'hero:-,benefits:-,process:-,testimonials:-,faq:-', got 'hero:-,benefits:-,process:-,testimonials:bordered-list,faq:-'"]
    pages//maria-s-bakery.section_variants: expected 'hero:-,benefits:-,process:-,testimonials:-,faq:-', got 'hero:-,benefits:-,process:-,testimonials:bordered-list,faq:-'
edit_headline (path): missing operations: ['assemble_page', 'edit_content', 'save_draft']
    missing operations: assemble_page, edit_content, save_draft
move_section (path): missing operations: ['assemble_page', 'move_section', 'save_draft']
    missing operations: assemble_page, move_section, save_draft
edit_headline (component): ["slot section: expected 'hero', got None for 'Change the hero headline to Baked Before'", "slot field: expected 'title', got None for 'Change the hero headline to Baked Before'", "slot value: expected 'Baked Before Sunrise', got None for 'Change the hero headline to Baked Before'"]
    slot section: expected 'hero', got None for 'Change the hero headline to Baked Before'
    slot field: expected 'title', got None for 'Change the hero headline to Baked Before'
    slot value: expected 'Baked Before Sunrise', got None for 'Change the hero headline to Baked Before'
set_theme (component): ["slot style: expected 'green', got None for 'Make the page green and fresh'", "slot style: expected 'green', got None for 'Give the page a fresh green look'"]
    slot style: expected 'green', got None for 'Make the page green and fresh'
    slot style: expected 'green', got None for 'Give the page a fresh green look'
add_section (component): ["slot type: expected 'testimonials', got None for 'Add a testimonials section'", "slot type: expected 'testimonials', got None for 'Include a reviews section'"]
    slot type: expected 'testimonials', got None for 'Add a testimonials section'
    slot type: expected 'testimonials', got None for 'Include a reviews section'

TELEMETRY
------------------------------------------------------------------------------
model_calls
                            calls  first_attempt_valid  retried_valid  exhausted
    total                     339                  338              1          0
model_calls / by_stage
                            calls  first_attempt_valid  retried_valid  exhausted
    Interpretation            104                  104              0          0
    SectionPlan                20                   20              0          0
    ThemeChoice                25                   25              0          0
    LayoutPlan                 20                   20              0          0
    HeroCopy                   20                   19              1          0
    AboutCopy                  10                   10              0          0
    BenefitsCopy               10                   10              0          0
    IconChoice                 48                   48              0          0
    ServicesCopy               10                   10              0          0
    GalleryCopy                10                   10              0          0
    TestimonialsCopy           20                   20              0          0
    PromotionCopy              15                   15              0          0
    FAQCopy                    17                   17              0          0
    ContactCopy                10                   10              0          0
step_status
                             ok  attached  repaired
                            291       112         1

json  /Users/vlad/cm3070-final/orchestrator/reports/report-deepseek-deepseek-v4-flash-0731.json
html  /Users/vlad/cm3070-final/orchestrator/reports/report-deepseek-deepseek-v4-flash-0731.html
